-- MySQL dump 10.13  Distrib 8.0.26, for Win64 (x86_64)
--
-- Host: localhost    Database: vk
-- ------------------------------------------------------
-- Server version	8.0.26

/*!40101 SET @OLD_CHARACTER_SET_CLIENT=@@CHARACTER_SET_CLIENT */;
/*!40101 SET @OLD_CHARACTER_SET_RESULTS=@@CHARACTER_SET_RESULTS */;
/*!40101 SET @OLD_COLLATION_CONNECTION=@@COLLATION_CONNECTION */;
/*!50503 SET NAMES utf8mb4 */;
/*!40103 SET @OLD_TIME_ZONE=@@TIME_ZONE */;
/*!40103 SET TIME_ZONE='+00:00' */;
/*!40014 SET @OLD_UNIQUE_CHECKS=@@UNIQUE_CHECKS, UNIQUE_CHECKS=0 */;
/*!40014 SET @OLD_FOREIGN_KEY_CHECKS=@@FOREIGN_KEY_CHECKS, FOREIGN_KEY_CHECKS=0 */;
/*!40101 SET @OLD_SQL_MODE=@@SQL_MODE, SQL_MODE='NO_AUTO_VALUE_ON_ZERO' */;
/*!40111 SET @OLD_SQL_NOTES=@@SQL_NOTES, SQL_NOTES=0 */;

--
-- Table structure for table `communities`
--

DROP TABLE IF EXISTS `communities`;
/*!40101 SET @saved_cs_client     = @@character_set_client */;
/*!50503 SET character_set_client = utf8mb4 */;
CREATE TABLE `communities` (
  `id` int unsigned NOT NULL AUTO_INCREMENT COMMENT 'Идентификатор сроки',
  `name` varchar(150) NOT NULL COMMENT 'Название группы',
  `created_at` datetime DEFAULT CURRENT_TIMESTAMP COMMENT 'Время создания строки',
  `updated_at` datetime DEFAULT CURRENT_TIMESTAMP ON UPDATE CURRENT_TIMESTAMP COMMENT 'Время обновления строки',
  PRIMARY KEY (`id`),
  UNIQUE KEY `name` (`name`)
) ENGINE=InnoDB AUTO_INCREMENT=101 DEFAULT CHARSET=utf8mb4 COLLATE=utf8mb4_0900_ai_ci COMMENT='Группы';
/*!40101 SET character_set_client = @saved_cs_client */;

--
-- Dumping data for table `communities`
--

LOCK TABLES `communities` WRITE;
/*!40000 ALTER TABLE `communities` DISABLE KEYS */;
INSERT INTO `communities` VALUES (1,'atque','2006-03-09 22:15:13','1980-11-15 02:35:54'),(2,'nam','1977-05-16 05:05:07','2002-10-02 03:12:21'),(3,'natus','1982-11-04 11:33:16','1990-11-05 08:28:32'),(4,'nihil','1997-12-25 18:41:34','1992-05-09 04:11:31'),(5,'eos','2019-06-13 04:32:55','1985-10-19 22:21:31'),(6,'qui','1986-03-25 06:49:34','1987-09-09 21:57:41'),(7,'ipsum','2003-06-24 03:36:27','2020-11-09 13:01:52'),(8,'est','1981-05-02 08:54:53','1981-07-21 00:09:38'),(9,'deserunt','2013-10-11 23:05:18','1974-01-19 10:33:55'),(10,'voluptatem','2013-04-04 00:58:49','2021-07-26 10:49:41'),(11,'placeat','2016-06-14 00:43:51','1970-04-17 05:52:33'),(12,'fuga','1993-04-08 13:33:37','2021-04-29 16:34:15'),(13,'dolore','1986-12-25 03:18:52','1970-06-23 23:25:22'),(14,'sit','2013-11-18 04:35:34','2004-12-21 21:06:25'),(15,'esse','1971-03-06 21:34:37','1991-04-05 04:39:27'),(16,'aut','2015-11-15 01:28:36','1992-01-05 16:09:49'),(17,'quo','1970-05-18 21:11:43','1987-06-13 15:59:03'),(18,'maiores','1999-12-06 00:33:42','2017-07-01 01:24:36'),(19,'voluptates','2007-11-24 17:26:45','1976-04-12 12:07:49'),(20,'dolorum','1974-08-30 01:11:50','2013-01-17 01:31:57'),(21,'numquam','1989-08-09 00:18:58','1990-07-03 08:49:58'),(22,'veritatis','2005-05-22 12:54:01','2007-06-16 20:33:10'),(23,'aliquid','1993-01-12 18:17:17','1988-10-06 08:14:51'),(24,'vel','1980-10-05 06:16:21','1998-09-08 16:35:03'),(25,'in','1993-06-08 22:47:35','2009-08-26 01:29:46'),(26,'rerum','1997-08-20 22:29:55','1988-09-01 23:00:25'),(27,'saepe','2008-12-13 02:01:29','1997-09-01 07:03:15'),(28,'dolores','1986-07-15 00:06:36','2014-03-10 17:36:12'),(29,'fugit','1997-09-14 19:17:05','1973-03-31 17:30:12'),(30,'accusantium','2016-01-10 17:55:52','1982-10-10 10:36:25'),(31,'quam','1994-09-01 08:19:01','1975-05-11 09:10:32'),(32,'ea','2008-11-22 16:18:57','2017-06-11 20:24:30'),(33,'ab','2004-04-22 14:11:51','1978-06-25 06:06:36'),(34,'architecto','2017-03-03 03:33:25','1986-11-08 10:56:28'),(35,'sed','1981-05-07 18:56:16','1991-03-06 19:25:20'),(36,'eius','1981-01-13 11:57:31','2014-11-19 06:42:28'),(37,'voluptatum','1985-05-15 08:33:42','2015-08-19 17:24:33'),(38,'expedita','1988-02-17 04:11:17','1981-03-26 11:30:52'),(39,'nemo','2007-08-27 23:50:25','1980-07-30 18:54:48'),(40,'aliquam','2014-12-17 14:42:58','1971-08-22 03:58:24'),(41,'et','1974-11-08 00:15:48','1989-01-03 20:08:03'),(42,'a','2005-10-02 07:48:51','2007-07-04 07:43:48'),(43,'perspiciatis','2001-10-14 00:13:02','2014-11-24 18:48:09'),(44,'aperiam','1984-02-02 16:45:58','2001-01-03 11:12:08'),(45,'itaque','1988-06-07 13:01:07','1993-05-21 01:14:11'),(46,'odio','1994-05-27 08:16:17','1985-11-01 13:01:40'),(47,'ut','1996-05-29 08:34:12','1988-09-30 01:57:34'),(48,'occaecati','2008-10-16 03:07:17','1994-06-25 03:09:13'),(49,'pariatur','2001-11-04 05:16:26','1972-05-10 01:33:25'),(50,'praesentium','2017-08-16 02:02:54','2017-05-16 00:40:53'),(51,'quibusdam','2007-02-22 08:51:50','2017-05-25 23:43:36'),(52,'consectetur','2004-03-15 06:48:28','1971-07-22 13:37:24'),(53,'provident','2021-08-15 04:00:25','1999-04-28 14:20:53'),(54,'dolor','1992-04-10 18:58:38','1980-08-24 19:57:09'),(55,'officiis','2005-10-01 16:44:33','2018-05-23 02:05:38'),(56,'repellendus','1997-10-04 23:58:07','2004-04-19 00:59:40'),(57,'nostrum','1996-05-27 05:26:14','2009-04-29 01:03:32'),(58,'neque','2004-05-07 14:52:31','1980-10-07 11:09:01'),(59,'repudiandae','1986-03-31 20:46:22','1989-05-11 21:47:29'),(60,'harum','2020-09-22 17:39:48','1993-09-01 09:10:27'),(61,'temporibus','2011-05-27 22:44:45','1975-06-10 23:24:11'),(62,'laudantium','2016-08-25 22:26:56','1977-07-26 12:31:57'),(63,'accusamus','1973-11-13 21:26:23','1983-08-26 07:17:11'),(64,'quia','1994-07-31 20:30:09','1988-02-11 10:07:10'),(65,'quae','1989-01-14 10:04:21','1971-06-04 08:50:43'),(66,'error','2001-08-07 05:20:12','2003-01-30 07:35:26'),(67,'amet','1983-08-16 18:30:59','1993-04-28 19:14:59'),(68,'inventore','1985-09-07 15:39:23','2004-06-08 16:49:22'),(69,'asperiores','1981-04-01 22:18:36','2009-09-10 01:30:36'),(70,'non','1990-05-07 12:30:21','1978-10-01 00:01:59'),(71,'ipsa','2009-04-18 13:10:08','1990-08-19 11:50:50'),(72,'molestias','2013-10-21 14:12:18','1995-10-25 19:22:16'),(73,'dicta','1983-12-23 06:52:45','1999-06-28 13:06:03'),(74,'delectus','1975-03-05 01:13:53','1975-06-06 20:53:00'),(75,'beatae','2004-06-12 12:53:04','1987-06-13 11:07:25'),(76,'cumque','2008-07-08 11:16:24','1970-10-12 19:19:29'),(77,'sint','2008-11-28 12:39:56','1985-01-12 09:01:53'),(78,'vitae','2003-03-21 17:54:37','1979-08-14 03:04:34'),(79,'consequatur','1991-01-29 21:47:32','2016-09-02 18:59:48'),(80,'magnam','1993-01-29 10:48:12','2002-10-31 07:57:57'),(81,'reprehenderit','2019-05-29 21:36:28','2015-08-17 22:58:17'),(82,'doloremque','2002-06-11 06:59:50','1985-11-18 19:24:24'),(83,'ducimus','1983-12-27 15:05:26','2012-12-12 01:45:48'),(84,'officia','2004-01-24 01:23:39','2013-04-13 09:15:05'),(85,'eaque','2000-01-13 10:29:15','2005-07-07 00:43:46'),(86,'doloribus','1983-10-12 04:05:44','2008-01-10 22:14:47'),(87,'eum','1979-08-12 13:32:00','2011-01-03 20:45:51'),(88,'fugiat','1987-01-22 17:27:57','1990-10-04 17:54:08'),(89,'nisi','1988-07-02 00:59:36','1985-02-22 20:00:51'),(90,'illo','2003-09-11 12:43:52','1979-04-07 02:53:58'),(91,'ex','2013-08-11 13:05:28','2002-11-26 15:08:34'),(92,'soluta','1984-06-12 01:26:55','2016-09-18 09:57:45'),(93,'voluptate','1984-10-15 04:35:06','1982-04-24 20:05:56'),(94,'omnis','2000-04-09 13:38:56','1977-08-27 06:28:36'),(95,'unde','1972-07-22 17:15:17','1976-12-02 00:53:38'),(96,'eligendi','2012-12-14 07:50:29','1979-08-01 04:55:50'),(97,'animi','1993-05-12 02:21:55','1979-05-09 07:42:29'),(98,'quis','1976-01-28 07:06:26','1977-07-13 10:52:22'),(99,'alias','1978-06-23 03:10:22','1997-11-16 14:42:19'),(100,'vero','1977-05-21 08:56:25','1997-06-10 08:32:12');
/*!40000 ALTER TABLE `communities` ENABLE KEYS */;
UNLOCK TABLES;

--
-- Table structure for table `communities_users`
--

DROP TABLE IF EXISTS `communities_users`;
/*!40101 SET @saved_cs_client     = @@character_set_client */;
/*!50503 SET character_set_client = utf8mb4 */;
CREATE TABLE `communities_users` (
  `community_id` int unsigned NOT NULL COMMENT 'Ссылка на группу',
  `user_id` int unsigned NOT NULL COMMENT 'Ссылка на пользователя',
  `created_at` datetime DEFAULT CURRENT_TIMESTAMP COMMENT 'Время создания строки',
  `updated_at` datetime DEFAULT CURRENT_TIMESTAMP ON UPDATE CURRENT_TIMESTAMP COMMENT 'Время обновления строки',
  PRIMARY KEY (`community_id`,`user_id`) COMMENT 'Составной первичный ключ',
  KEY `communities_user_id` (`user_id`),
  CONSTRAINT `communities_community_id` FOREIGN KEY (`community_id`) REFERENCES `communities` (`id`),
  CONSTRAINT `communities_user_id` FOREIGN KEY (`user_id`) REFERENCES `users` (`id`)
) ENGINE=InnoDB DEFAULT CHARSET=utf8mb4 COLLATE=utf8mb4_0900_ai_ci COMMENT='Участники групп, связь между пользователями и группами';
/*!40101 SET character_set_client = @saved_cs_client */;

--
-- Dumping data for table `communities_users`
--

LOCK TABLES `communities_users` WRITE;
/*!40000 ALTER TABLE `communities_users` DISABLE KEYS */;
INSERT INTO `communities_users` VALUES (1,1,'2003-08-28 14:05:45','2006-09-25 02:10:45'),(2,2,'2016-02-21 04:31:42','1993-06-23 07:01:27'),(3,3,'2012-03-22 05:35:47','2015-05-27 23:12:35'),(4,4,'1981-02-15 15:19:48','1971-01-07 00:14:56'),(5,5,'1992-01-22 09:54:04','2013-02-15 17:03:13'),(6,6,'1974-12-25 07:01:47','1996-04-11 03:21:59'),(7,7,'1995-01-27 16:04:44','2004-04-10 01:09:27'),(8,8,'2017-06-07 17:15:45','1983-04-02 10:19:39'),(9,9,'2021-04-09 12:10:14','1992-03-21 19:24:23'),(10,10,'2002-05-29 12:49:22','2015-10-08 07:21:17'),(11,11,'2009-09-19 21:34:50','1994-04-11 04:54:40'),(12,12,'1975-05-11 21:51:31','1980-01-30 03:19:45'),(13,13,'2011-08-13 01:03:40','2019-12-18 05:24:46'),(14,14,'1988-02-18 11:06:53','1991-08-26 08:26:41'),(15,15,'1975-02-15 04:23:22','1991-02-08 11:46:20'),(16,16,'2012-07-09 23:26:11','1999-01-27 11:29:23'),(17,17,'1980-10-02 20:54:08','1986-10-11 17:51:52'),(18,18,'1997-01-29 16:59:09','1999-10-17 00:18:40'),(19,19,'2014-05-30 01:31:50','2003-06-01 02:14:20'),(20,20,'2008-03-14 00:54:48','2017-05-18 07:03:26'),(21,21,'2013-03-04 17:38:46','1986-03-28 16:20:14'),(22,22,'2001-11-16 01:16:52','1972-07-22 07:40:03'),(23,23,'2017-04-22 18:28:52','2001-12-25 16:48:59'),(24,24,'2019-02-19 18:33:44','2008-05-25 21:02:56'),(25,25,'2009-05-01 22:54:34','2021-07-23 01:55:49'),(26,26,'2003-11-24 11:21:53','1971-10-26 02:14:09'),(27,27,'2015-10-22 11:10:37','1970-07-02 11:55:36'),(28,28,'1971-04-24 00:39:09','2017-12-04 11:09:45'),(29,29,'1975-03-03 00:35:44','1997-07-20 13:14:17'),(30,30,'1976-02-10 21:22:56','2019-07-31 23:52:09'),(31,31,'1984-11-24 03:33:50','2013-06-07 12:36:50'),(32,32,'1997-11-10 04:29:32','2020-11-20 13:26:11'),(33,33,'1983-02-08 16:21:22','2004-06-27 18:58:41'),(34,34,'1978-09-01 05:58:33','2008-06-04 04:17:11'),(35,35,'1986-06-02 03:12:58','1994-12-19 14:49:20'),(36,36,'1978-03-03 05:33:12','1998-04-23 09:28:26'),(37,37,'1997-03-10 13:34:50','2000-03-24 09:45:34'),(38,38,'1973-01-05 19:45:35','2004-09-16 00:00:30'),(39,39,'2006-08-01 22:29:37','1990-03-09 03:44:30'),(40,40,'1987-05-30 17:32:40','1971-07-06 02:44:06'),(41,41,'1993-11-20 17:06:10','1981-05-27 09:58:37'),(42,42,'1988-05-03 03:30:58','1995-11-14 10:19:12'),(43,43,'1974-06-09 09:57:59','2011-02-12 16:31:40'),(44,44,'1988-07-20 13:32:43','2019-06-20 22:13:24'),(45,45,'2002-01-31 18:15:53','2019-12-10 21:37:43'),(46,46,'1987-01-04 09:03:47','1981-06-21 19:46:45'),(47,47,'2016-03-09 15:52:28','1999-10-01 15:50:24'),(48,48,'1983-03-07 13:10:19','1992-11-20 16:24:49'),(49,49,'1998-12-28 10:52:32','1998-02-04 13:28:45'),(50,50,'2003-04-16 00:27:22','1990-12-23 05:04:53'),(51,51,'1985-07-16 22:49:27','1983-10-10 11:47:46'),(52,52,'2014-08-18 09:40:35','1971-04-04 12:57:55'),(53,53,'1984-08-06 14:58:46','2010-11-20 09:54:20'),(54,54,'1985-05-07 20:41:44','2010-03-02 07:16:39'),(55,55,'2000-11-21 12:44:08','2008-01-18 17:28:40'),(56,56,'2005-07-27 09:32:52','2015-03-02 14:25:22'),(57,57,'1976-03-19 01:14:04','1975-09-09 19:18:08'),(58,58,'2004-07-10 12:53:49','2012-10-15 05:07:21'),(59,59,'1998-10-03 10:17:40','1975-12-23 21:38:40'),(60,60,'2008-06-07 10:33:29','2011-04-24 19:20:16'),(61,61,'1992-08-04 08:10:54','1988-12-30 11:58:06'),(62,62,'1987-02-04 10:46:33','1970-09-23 03:16:28'),(63,63,'2004-08-27 20:53:55','1997-02-04 05:51:13'),(64,64,'2003-06-21 12:21:32','1996-05-17 21:08:40'),(65,65,'1988-08-26 04:56:39','2006-07-27 02:03:06'),(66,66,'1975-08-05 17:32:32','1994-06-25 00:25:08'),(67,67,'2008-08-23 04:13:21','1998-11-12 12:38:46'),(68,68,'2015-01-27 17:01:47','2015-07-06 18:52:00'),(69,69,'1986-04-20 01:09:19','1980-09-27 20:05:41'),(70,70,'1980-04-26 02:27:37','2005-11-08 16:58:44'),(71,71,'1997-12-05 06:54:53','1989-08-25 19:34:52'),(72,72,'1994-08-27 17:39:31','1978-01-27 08:30:58'),(73,73,'1996-01-26 21:21:33','1992-10-04 06:23:37'),(74,74,'1987-06-05 00:40:12','1996-05-31 15:06:52'),(75,75,'2018-12-08 06:57:57','1980-10-07 17:45:19'),(76,76,'1978-02-11 07:58:19','1971-08-05 18:07:01'),(77,77,'2011-08-05 17:22:05','2015-05-11 11:09:27'),(78,78,'1987-12-17 10:52:54','1990-08-27 23:26:30'),(79,79,'1980-06-05 23:17:11','2008-09-30 02:01:35'),(80,80,'1999-08-28 23:10:59','2000-03-25 12:29:28'),(81,81,'1991-06-08 03:07:43','2009-03-13 03:04:43'),(82,82,'1997-11-07 18:17:53','2011-02-04 18:58:30'),(83,83,'2009-07-30 11:29:18','1973-11-11 11:21:41'),(84,84,'1988-02-17 18:57:03','2011-05-01 17:24:02'),(85,85,'1981-08-17 22:04:57','1990-07-02 10:49:04'),(86,86,'1992-11-05 03:02:35','1988-12-26 17:18:21'),(87,87,'1989-05-09 01:24:56','2006-09-12 19:41:42'),(88,88,'1992-05-23 03:00:11','2004-04-15 07:30:07'),(89,89,'1997-02-22 09:36:25','1992-07-28 08:20:33'),(90,90,'2020-09-16 04:57:57','1990-01-12 01:29:27'),(91,91,'2021-02-01 06:58:41','1974-05-30 18:25:00'),(92,92,'1992-03-15 21:54:14','1971-03-05 21:40:19'),(93,93,'1978-03-28 14:51:24','1988-05-03 03:14:26'),(94,94,'1976-02-03 01:51:22','1974-04-05 04:05:44'),(95,95,'1996-03-20 15:28:04','2016-09-25 16:19:32'),(96,96,'1970-05-05 10:32:40','1988-10-19 14:01:58'),(97,97,'1996-05-10 04:40:42','2019-11-22 09:17:06'),(98,98,'2011-08-19 10:43:42','1987-10-02 02:35:23'),(99,99,'2003-12-22 05:10:57','1984-02-17 14:03:32'),(100,100,'1995-10-17 19:06:52','1982-06-17 16:25:18');
/*!40000 ALTER TABLE `communities_users` ENABLE KEYS */;
UNLOCK TABLES;

--
-- Table structure for table `friendship`
--

DROP TABLE IF EXISTS `friendship`;
/*!40101 SET @saved_cs_client     = @@character_set_client */;
/*!50503 SET character_set_client = utf8mb4 */;
CREATE TABLE `friendship` (
  `user_id` int unsigned NOT NULL COMMENT 'Ссылка на инициатора дружеских отношений',
  `friend_id` int unsigned NOT NULL COMMENT 'Ссылка на получателя запроса о дружбе',
  `request_type_id` int unsigned NOT NULL COMMENT 'Тип запроса',
  `requested_at` datetime NOT NULL COMMENT 'Время отправки приглашения',
  `confirmed_at` datetime DEFAULT NULL COMMENT 'Время подтверждения приглашения',
  `created_at` datetime DEFAULT CURRENT_TIMESTAMP COMMENT 'Дата и время создания строки',
  `updated_at` datetime DEFAULT CURRENT_TIMESTAMP COMMENT 'Дата и время обновленния строки',
  PRIMARY KEY (`user_id`,`friend_id`) COMMENT 'Составной первичный ключ',
  KEY `friendship_friend_id` (`friend_id`),
  KEY `friendship_request_type_id` (`request_type_id`),
  CONSTRAINT `friendship_friend_id` FOREIGN KEY (`friend_id`) REFERENCES `users` (`id`),
  CONSTRAINT `friendship_request_type_id` FOREIGN KEY (`request_type_id`) REFERENCES `friendship_request_types` (`id`),
  CONSTRAINT `friendship_user_id` FOREIGN KEY (`user_id`) REFERENCES `users` (`id`)
) ENGINE=InnoDB DEFAULT CHARSET=utf8mb4 COLLATE=utf8mb4_0900_ai_ci;
/*!40101 SET character_set_client = @saved_cs_client */;

--
-- Dumping data for table `friendship`
--

LOCK TABLES `friendship` WRITE;
/*!40000 ALTER TABLE `friendship` DISABLE KEYS */;
INSERT INTO `friendship` VALUES (1,3,3,'1974-09-26 21:18:50','1998-09-21 03:03:41','2015-01-11 07:42:54','2003-11-20 09:32:08'),(1,4,1,'1977-05-03 05:05:31','1973-04-27 02:37:51','1989-06-12 17:02:50','2005-09-06 18:34:19'),(1,6,3,'2001-07-08 05:50:39','2005-06-23 08:05:40','2007-10-26 08:21:50','2011-07-04 12:06:07'),(1,7,1,'2001-02-15 08:30:20','2004-03-19 01:54:55','2015-03-17 01:29:49','2012-09-16 02:47:17'),(1,9,3,'2018-12-24 16:04:41','2020-04-11 06:45:54','1976-06-27 04:14:26','1976-01-22 06:01:16'),(1,10,1,'1998-04-17 13:54:32','1973-12-15 10:09:07','2018-12-10 02:25:37','2017-01-28 17:36:04'),(1,11,2,'1989-02-15 20:20:17','1977-05-25 00:11:02','1972-08-13 16:17:16','1981-07-21 03:38:39'),(1,12,3,'1981-09-24 00:59:19','2011-02-21 23:19:53','2006-09-03 23:20:00','1985-02-11 06:56:39'),(1,13,1,'1972-10-30 17:08:33','1993-01-08 04:10:01','2010-05-26 02:37:52','1977-09-30 15:33:05'),(1,14,2,'2012-11-08 18:04:22','2003-10-15 04:06:19','1980-09-10 15:06:44','2005-11-24 22:18:12'),(1,15,3,'1999-06-20 16:55:45','1978-04-09 09:47:40','1992-10-16 10:24:31','1999-04-08 04:24:52'),(1,16,1,'2018-09-21 02:07:03','2003-09-27 05:41:07','2014-03-16 04:11:11','2006-03-21 05:06:05'),(1,17,2,'2001-01-30 00:13:03','2008-05-25 01:14:44','1994-09-21 18:47:27','1989-10-24 05:07:38'),(1,18,3,'1984-08-13 06:41:03','1978-09-14 06:33:07','1985-04-18 08:12:45','1990-04-04 13:07:56'),(1,19,1,'1987-12-10 19:00:35','2000-11-12 06:28:22','2001-03-05 22:54:59','2014-12-10 16:10:51'),(1,20,2,'1994-03-29 10:57:01','1976-10-12 12:22:42','2007-05-27 00:19:10','1975-04-06 20:08:07'),(1,62,1,'2013-02-27 02:34:57','1984-05-10 20:50:30','1995-07-19 14:44:46','1985-01-22 13:55:53'),(2,1,1,'2021-09-09 21:32:50',NULL,'2021-09-09 21:32:50','2021-09-09 21:32:50'),(5,1,1,'2021-09-09 21:32:50',NULL,'2021-09-09 21:32:50','2021-09-09 21:32:50'),(8,1,1,'2021-09-09 21:32:50',NULL,'2021-09-09 21:32:50','2021-09-09 21:32:50'),(11,1,2,'2021-09-09 21:34:28',NULL,'2021-09-09 21:34:28','2021-09-09 21:34:28'),(14,1,2,'2021-09-09 21:34:28',NULL,'2021-09-09 21:34:28','2021-09-09 21:34:28'),(17,1,2,'2021-09-09 21:34:28',NULL,'2021-09-09 21:34:28','2021-09-09 21:34:28'),(21,21,3,'1999-10-10 05:12:35','2003-01-09 12:36:34','2006-01-01 02:58:47','1979-11-15 08:28:18'),(22,22,1,'1981-08-11 10:26:37','2003-05-31 18:37:20','1987-01-09 04:20:28','1981-07-04 10:37:56'),(23,23,2,'1980-11-01 22:26:09','1970-09-22 18:19:44','1990-06-25 01:02:56','2019-04-15 15:51:45'),(24,24,3,'1995-08-28 18:16:58','2016-05-21 08:13:03','1981-10-02 02:12:08','1995-06-21 22:26:39'),(25,25,1,'2009-10-01 06:20:33','1972-03-21 22:57:43','2008-05-10 21:07:24','1974-03-30 20:37:50'),(26,6,1,'2021-09-20 20:39:53','2021-09-20 20:39:53','2021-09-20 20:39:53','2021-09-20 20:39:53'),(26,12,1,'2021-09-20 20:39:53','2021-09-20 20:39:53','2021-09-20 20:39:53','2021-09-20 20:39:53'),(26,21,1,'2021-09-20 20:39:53','2021-09-20 20:39:53','2021-09-20 20:39:53','2021-09-20 20:39:53'),(26,26,2,'2008-05-26 00:02:42','1979-11-03 00:07:35','1984-03-19 18:03:14','2016-04-17 07:11:44'),(26,28,1,'2021-09-20 20:39:53','2021-09-20 20:39:53','2021-09-20 20:39:53','2021-09-20 20:39:53'),(26,32,1,'2021-09-20 20:39:53','2021-09-20 20:39:53','2021-09-20 20:39:53','2021-09-20 20:39:53'),(26,41,1,'2021-09-20 20:39:53','2021-09-20 20:39:53','2021-09-20 20:39:53','2021-09-20 20:39:53'),(26,55,1,'2021-09-20 20:39:53','2021-09-20 20:39:53','2021-09-20 20:39:53','2021-09-20 20:39:53'),(26,63,1,'2021-09-20 20:39:53','2021-09-20 20:39:53','2021-09-20 20:39:53','2021-09-20 20:39:53'),(26,74,1,'2021-09-20 20:39:53','2021-09-20 20:39:53','2021-09-20 20:39:53','2021-09-20 20:39:53'),(26,84,1,'2021-09-20 20:41:23','2021-09-20 20:41:23','2021-09-20 20:41:23','2021-09-20 20:41:23'),(27,27,3,'2007-09-15 14:02:26','2012-01-17 17:47:34','1986-10-23 23:11:02','2015-08-07 09:17:35'),(28,28,1,'2016-08-03 15:45:45','1989-10-04 14:14:54','1980-09-04 11:54:34','1997-01-01 21:51:50'),(29,29,2,'1984-11-17 21:34:57','1971-12-26 12:32:10','2007-11-28 10:34:32','1978-01-15 17:33:10'),(30,30,3,'1972-06-23 22:40:04','1998-07-01 15:20:42','1996-03-01 19:13:30','1983-03-11 02:17:31'),(31,31,1,'1981-07-01 18:35:16','2011-11-17 11:24:41','1994-10-31 13:04:28','1992-03-01 18:12:03'),(32,32,2,'1986-06-03 19:57:08','2015-02-03 14:24:39','2002-01-22 19:01:44','1989-05-28 05:33:50'),(33,33,3,'2000-05-15 12:37:17','2015-01-01 08:56:54','1975-04-12 16:56:47','1988-03-14 12:54:47'),(34,34,1,'1982-09-20 01:04:59','1998-10-30 23:38:17','2010-05-12 19:15:56','1977-01-29 13:28:05'),(35,35,2,'1975-07-27 00:47:43','1993-03-11 19:14:21','1972-08-20 12:40:59','1990-12-06 13:29:15'),(36,36,3,'1989-08-20 19:35:34','1984-06-11 00:56:58','2001-05-09 07:30:56','1983-06-06 22:56:14'),(37,37,1,'2014-11-30 14:24:12','2019-05-31 04:00:00','2006-05-02 07:08:57','1983-10-15 15:58:53'),(38,38,2,'1988-09-11 20:29:22','1980-02-29 00:52:06','1988-07-26 00:04:20','1982-07-30 06:14:44'),(39,39,3,'1975-12-06 05:40:51','2020-11-22 05:59:22','1972-04-23 09:33:26','1974-02-03 16:45:27'),(40,40,1,'2016-10-31 21:01:14','1983-02-28 18:48:17','1982-10-18 09:46:33','1984-05-10 11:03:53'),(41,41,2,'1991-05-02 18:59:46','2000-01-19 06:41:59','1981-01-15 08:38:44','2012-08-28 17:12:08'),(42,42,3,'1976-08-04 03:52:02','1973-05-01 12:48:30','2020-11-13 01:04:08','2012-11-11 00:23:11'),(43,43,1,'2020-11-03 10:52:47','2021-08-21 14:02:32','2002-04-15 12:15:13','1982-11-20 10:05:34'),(44,44,2,'1984-01-11 06:30:29','2021-06-08 19:04:58','1989-06-27 16:36:54','2005-07-23 12:57:24'),(45,45,3,'1985-06-01 13:41:22','1978-10-07 03:36:13','2005-12-29 06:09:13','2006-01-28 15:29:08'),(46,46,1,'1997-06-02 13:55:45','1979-06-06 23:20:44','1991-05-19 07:27:48','1984-04-23 15:43:47'),(47,47,2,'1976-07-21 14:21:10','2016-01-30 05:28:47','1971-09-10 22:18:17','1970-12-11 22:27:32'),(48,48,3,'2006-01-27 03:33:35','1988-08-07 07:54:08','2011-01-16 16:53:27','1988-04-21 00:03:26'),(49,49,1,'2006-12-20 12:11:51','2019-09-09 04:27:23','1999-08-26 04:11:45','2007-10-30 02:06:42'),(50,50,2,'1991-12-26 06:01:53','2021-06-16 00:37:29','2011-07-08 16:23:53','1974-02-23 04:31:37'),(51,51,3,'2018-08-03 08:35:37','1983-03-23 19:29:13','1994-07-16 08:59:11','1997-11-16 07:28:26'),(52,52,1,'1975-02-10 09:18:40','1993-07-13 12:53:58','2015-01-24 18:23:27','1989-10-07 04:51:47'),(53,53,2,'1970-04-03 19:31:38','2017-08-08 20:44:27','2003-04-30 18:03:15','2019-03-04 18:20:38'),(54,54,3,'1983-06-20 02:07:51','2009-12-15 02:49:09','2017-03-16 06:42:40','2011-02-15 03:15:23'),(55,55,1,'1996-04-23 14:23:23','1984-11-04 20:18:58','1983-04-26 06:09:58','1971-03-26 06:34:56'),(56,56,2,'1991-07-15 03:26:13','1978-10-20 05:30:58','2010-05-15 18:10:57','2004-07-10 07:24:49'),(57,57,3,'1976-12-27 06:38:26','1989-12-11 07:16:49','1970-12-14 16:48:02','2012-06-13 14:48:52'),(58,58,1,'2012-06-19 17:29:31','1980-12-24 21:13:17','2021-02-03 21:48:31','2014-04-19 07:04:57'),(59,59,2,'1996-06-28 20:09:25','2011-03-06 10:43:15','2018-11-12 17:26:12','2007-11-02 07:11:58'),(60,60,3,'2007-10-21 01:31:53','2004-03-27 01:39:06','2021-02-15 14:31:20','1986-11-16 04:15:53'),(61,61,1,'1992-07-27 21:34:24','2009-08-23 03:35:06','1980-12-30 06:14:55','1985-01-09 04:13:51'),(62,62,2,'1993-04-04 21:57:36','1999-01-31 14:02:49','1978-07-05 09:13:25','1980-06-25 00:43:51'),(63,63,3,'1999-08-29 19:36:20','1977-01-27 08:10:51','1997-08-08 20:26:35','1991-02-15 01:42:00'),(64,64,1,'2007-11-02 10:05:11','2020-12-02 14:03:37','1984-01-19 16:54:57','1982-12-23 05:11:16'),(65,65,2,'2008-02-06 16:32:43','2016-05-14 08:36:09','2001-02-22 02:42:31','1985-11-21 03:25:45'),(66,66,3,'2006-09-17 19:37:14','2004-04-11 08:17:48','1978-05-01 20:54:22','2009-02-07 04:43:58'),(67,67,1,'1994-05-06 19:08:55','1974-07-26 00:27:51','1981-07-27 07:19:28','1987-05-11 10:45:49'),(68,68,2,'1973-07-19 23:13:25','1979-08-04 18:24:47','1980-01-10 08:20:22','2001-08-16 05:36:06'),(69,69,3,'2011-12-11 22:30:51','1985-10-16 07:51:39','2015-01-29 14:43:13','1987-09-09 10:37:01'),(70,70,1,'1991-05-02 07:11:46','1990-04-06 09:27:49','1984-07-21 08:38:50','1996-07-12 02:10:16'),(71,71,2,'2020-09-12 23:08:38','1986-01-01 19:53:45','2021-05-22 05:56:18','1977-06-28 04:01:44'),(72,72,3,'2017-12-06 21:31:46','1984-08-19 05:19:22','2011-09-10 05:13:32','1994-03-27 21:22:24'),(73,73,1,'1994-01-05 09:17:24','1984-06-30 05:14:51','1978-10-07 16:20:47','1987-10-04 22:24:53'),(74,74,2,'1970-01-03 02:10:21','1973-12-26 13:01:05','2015-09-12 19:25:37','2003-07-21 15:06:58'),(75,75,3,'1983-01-21 14:30:39','2014-08-08 23:08:44','1982-01-01 19:24:57','2001-01-23 00:25:44'),(76,76,1,'1973-12-06 06:29:32','1992-10-26 06:32:23','1987-07-08 21:19:24','2000-06-14 06:51:35'),(77,77,2,'1985-12-09 01:45:23','1996-03-31 12:53:21','2012-09-26 17:15:15','1979-10-06 23:42:56'),(78,78,3,'2005-02-18 17:32:46','2015-12-23 18:21:24','2011-06-25 08:46:19','2013-02-28 08:08:45'),(79,79,1,'1985-09-03 19:07:26','2014-02-23 10:47:06','1991-08-30 13:05:58','1989-10-15 23:01:09'),(80,80,2,'1979-10-20 19:19:14','1994-06-18 10:09:57','2017-11-03 08:35:02','1991-01-18 18:25:08'),(81,81,3,'1977-11-24 15:50:25','1974-12-02 01:33:53','2019-02-17 19:57:18','1990-04-28 10:41:13'),(82,82,1,'2010-03-26 01:27:32','1984-04-01 08:59:22','1987-06-25 19:40:53','2008-03-07 18:59:40'),(83,83,2,'1977-02-16 11:35:29','2018-07-08 21:58:19','1999-01-26 18:50:44','1970-04-20 15:31:15'),(84,84,3,'2008-06-22 14:16:27','2009-02-18 21:37:52','2012-07-11 12:42:08','1981-04-23 23:19:44'),(85,85,1,'2000-12-09 19:19:56','1988-02-18 13:45:18','2015-07-19 17:52:21','2019-09-21 02:33:01'),(86,86,2,'1980-07-16 11:37:56','1982-12-18 06:48:19','1971-09-16 14:12:40','1985-01-21 05:59:35'),(87,87,3,'1995-01-10 16:59:51','2006-08-15 00:04:46','1978-11-18 14:18:47','1976-05-21 12:23:10'),(88,88,1,'2000-04-12 14:13:51','1981-05-12 07:53:45','2007-01-15 09:52:53','1972-01-21 06:49:13'),(89,89,2,'2001-10-19 02:39:09','2003-09-07 10:57:46','2003-07-15 07:05:34','2010-09-05 10:26:19'),(90,90,3,'2008-06-30 10:15:40','2017-10-11 07:16:21','1997-01-10 14:14:40','1990-06-06 10:01:02'),(91,91,1,'1993-10-26 00:26:24','2015-04-21 13:19:03','1997-12-26 14:00:31','2005-10-28 20:23:53'),(92,92,2,'1991-09-25 01:49:33','1975-02-17 00:06:35','2003-12-11 08:27:39','1994-03-21 21:19:11'),(93,93,3,'2000-05-20 01:36:26','1994-12-24 04:05:22','1981-05-06 02:28:19','1984-12-26 04:36:25'),(94,94,1,'2007-04-07 17:57:30','1975-04-19 15:02:32','2020-06-09 16:03:00','1981-10-24 13:31:15'),(95,95,2,'1976-10-25 11:04:17','2006-12-07 17:41:31','1979-06-08 09:35:58','2018-10-12 06:34:12'),(96,96,3,'1986-11-24 21:57:28','2000-12-16 18:40:25','2016-03-09 23:59:16','2013-09-08 14:12:21'),(97,97,1,'1993-04-30 06:39:06','1985-07-19 21:41:33','2012-07-19 13:56:44','2018-09-14 21:57:39'),(98,98,2,'2000-01-03 04:47:56','2010-03-09 21:25:10','1980-08-22 23:30:41','1987-02-08 07:43:25'),(99,99,3,'2000-08-12 09:44:22','2016-01-31 21:53:49','2017-01-18 15:56:13','1984-08-30 06:50:48'),(100,100,1,'1996-02-25 20:11:52','1993-08-08 22:01:17','1985-06-30 17:40:23','1988-03-12 19:05:37');
/*!40000 ALTER TABLE `friendship` ENABLE KEYS */;
UNLOCK TABLES;

--
-- Table structure for table `friendship_request_types`
--

DROP TABLE IF EXISTS `friendship_request_types`;
/*!40101 SET @saved_cs_client     = @@character_set_client */;
/*!50503 SET character_set_client = utf8mb4 */;
CREATE TABLE `friendship_request_types` (
  `id` int unsigned NOT NULL AUTO_INCREMENT COMMENT 'Идентификатор строки',
  `name` varchar(150) NOT NULL COMMENT 'Название статуса',
  `created_at` datetime DEFAULT CURRENT_TIMESTAMP COMMENT 'Время создания строки',
  `updated_at` datetime DEFAULT CURRENT_TIMESTAMP ON UPDATE CURRENT_TIMESTAMP COMMENT 'Время обновления строки',
  PRIMARY KEY (`id`),
  UNIQUE KEY `name` (`name`)
) ENGINE=InnoDB AUTO_INCREMENT=4 DEFAULT CHARSET=utf8mb4 COLLATE=utf8mb4_0900_ai_ci COMMENT='Типы запроса на дружбу';
/*!40101 SET character_set_client = @saved_cs_client */;

--
-- Dumping data for table `friendship_request_types`
--

LOCK TABLES `friendship_request_types` WRITE;
/*!40000 ALTER TABLE `friendship_request_types` DISABLE KEYS */;
INSERT INTO `friendship_request_types` VALUES (1,'friendship','1977-12-15 10:38:36','2021-09-09 21:28:54'),(2,'subscribtion','2009-01-09 15:46:29','2021-09-09 21:28:55'),(3,'block','1972-12-17 09:05:56','2021-09-09 21:28:56');
/*!40000 ALTER TABLE `friendship_request_types` ENABLE KEYS */;
UNLOCK TABLES;

--
-- Table structure for table `likes`
--

DROP TABLE IF EXISTS `likes`;
/*!40101 SET @saved_cs_client     = @@character_set_client */;
/*!50503 SET character_set_client = utf8mb4 */;
CREATE TABLE `likes` (
  `id` int unsigned NOT NULL AUTO_INCREMENT COMMENT 'Идентификатор строки',
  `user_id` int unsigned NOT NULL COMMENT 'Ссылка на пользователя, который поставил лайк',
  `target_id` int unsigned NOT NULL COMMENT 'Ссылка на лайкаемый объект',
  `target_type_id` int unsigned NOT NULL COMMENT 'Ссылка на тип лайкаемого объекта',
  `created_at` datetime DEFAULT CURRENT_TIMESTAMP COMMENT 'Дата и время создания строки',
  `updated_at` datetime DEFAULT CURRENT_TIMESTAMP ON UPDATE CURRENT_TIMESTAMP COMMENT 'Дата и время обновления строки',
  PRIMARY KEY (`id`),
  KEY `likes_user_id` (`user_id`),
  KEY `likes_target_type_id` (`target_type_id`),
  CONSTRAINT `likes_target_type_id` FOREIGN KEY (`target_type_id`) REFERENCES `target_types` (`id`),
  CONSTRAINT `likes_user_id` FOREIGN KEY (`user_id`) REFERENCES `users` (`id`)
) ENGINE=InnoDB AUTO_INCREMENT=228 DEFAULT CHARSET=utf8mb4 COLLATE=utf8mb4_0900_ai_ci COMMENT='Таблица лайков';
/*!40101 SET character_set_client = @saved_cs_client */;

--
-- Dumping data for table `likes`
--

LOCK TABLES `likes` WRITE;
/*!40000 ALTER TABLE `likes` DISABLE KEYS */;
INSERT INTO `likes` VALUES (1,41,99,3,'2021-09-20 23:22:01','2021-09-20 23:22:01'),(2,18,99,1,'2021-09-20 23:22:20','2021-09-20 23:22:20'),(3,70,99,3,'2021-09-20 23:24:50','2021-09-20 23:24:50'),(4,80,99,3,'2021-09-20 23:24:51','2021-09-20 23:24:51'),(5,98,99,3,'2021-09-20 23:24:52','2021-09-20 23:24:52'),(6,46,99,2,'2021-09-20 23:24:54','2021-09-20 23:24:54'),(7,86,99,2,'2021-09-20 23:24:54','2021-09-20 23:24:54'),(8,19,99,3,'2021-09-20 23:24:55','2021-09-20 23:24:55'),(9,84,99,2,'2021-09-20 23:24:56','2021-09-20 23:24:56'),(10,41,99,1,'2021-09-20 23:24:56','2021-09-20 23:24:56'),(11,16,99,3,'2021-09-20 23:24:57','2021-09-20 23:24:57'),(12,35,78,3,'2021-09-20 23:25:12','2021-09-20 23:25:12'),(13,14,78,1,'2021-09-20 23:25:13','2021-09-20 23:25:13'),(14,42,78,2,'2021-09-20 23:25:14','2021-09-20 23:25:14'),(15,72,78,3,'2021-09-20 23:25:14','2021-09-20 23:25:14'),(16,1,78,2,'2021-09-20 23:25:14','2021-09-20 23:25:14'),(17,53,78,1,'2021-09-20 23:25:15','2021-09-20 23:25:15'),(18,1,78,3,'2021-09-20 23:25:15','2021-09-20 23:25:15'),(19,33,46,2,'2021-09-20 23:25:17','2021-09-20 23:25:17'),(20,24,46,1,'2021-09-20 23:25:18','2021-09-20 23:25:18'),(21,55,46,3,'2021-09-20 23:25:18','2021-09-20 23:25:18'),(22,32,46,2,'2021-09-20 23:25:18','2021-09-20 23:25:18'),(23,3,46,2,'2021-09-20 23:25:19','2021-09-20 23:25:19'),(24,61,46,1,'2021-09-20 23:25:19','2021-09-20 23:25:19'),(25,42,46,3,'2021-09-20 23:25:19','2021-09-20 23:25:19'),(26,43,46,2,'2021-09-20 23:25:20','2021-09-20 23:25:20'),(27,44,46,1,'2021-09-20 23:25:20','2021-09-20 23:25:20'),(28,51,46,1,'2021-09-20 23:25:20','2021-09-20 23:25:20'),(29,63,46,1,'2021-09-20 23:25:21','2021-09-20 23:25:21'),(30,48,26,1,'2021-09-20 23:25:22','2021-09-20 23:25:22'),(31,42,26,2,'2021-09-20 23:25:22','2021-09-20 23:25:22'),(32,66,26,2,'2021-09-20 23:25:22','2021-09-20 23:25:22'),(33,81,67,2,'2021-09-20 23:25:23','2021-09-20 23:25:23'),(34,57,67,2,'2021-09-20 23:25:23','2021-09-20 23:25:23'),(35,54,67,3,'2021-09-20 23:25:24','2021-09-20 23:25:24'),(36,16,67,2,'2021-09-20 23:25:24','2021-09-20 23:25:24'),(37,16,67,1,'2021-09-20 23:25:24','2021-09-20 23:25:24'),(38,61,67,2,'2021-09-20 23:25:25','2021-09-20 23:25:25'),(39,8,67,1,'2021-09-20 23:25:25','2021-09-20 23:25:25'),(40,4,67,2,'2021-09-20 23:25:25','2021-09-20 23:25:25'),(41,94,67,2,'2021-09-20 23:25:25','2021-09-20 23:25:25'),(42,71,67,1,'2021-09-20 23:25:26','2021-09-20 23:25:26'),(43,96,67,3,'2021-09-20 23:25:26','2021-09-20 23:25:26'),(44,91,67,1,'2021-09-20 23:25:26','2021-09-20 23:25:26'),(45,74,67,3,'2021-09-20 23:25:26','2021-09-20 23:25:26'),(46,87,67,3,'2021-09-20 23:25:27','2021-09-20 23:25:27'),(47,86,67,2,'2021-09-20 23:25:27','2021-09-20 23:25:27'),(48,59,67,1,'2021-09-20 23:25:27','2021-09-20 23:25:27'),(49,40,77,3,'2021-09-20 23:25:30','2021-09-20 23:25:30'),(50,35,77,3,'2021-09-20 23:25:30','2021-09-20 23:25:30'),(51,92,77,3,'2021-09-20 23:25:30','2021-09-20 23:25:30'),(52,55,77,3,'2021-09-20 23:25:30','2021-09-20 23:25:30'),(53,12,77,1,'2021-09-20 23:25:31','2021-09-20 23:25:31'),(54,30,77,2,'2021-09-20 23:25:31','2021-09-20 23:25:31'),(55,51,77,1,'2021-09-20 23:25:31','2021-09-20 23:25:31'),(56,7,77,3,'2021-09-20 23:25:32','2021-09-20 23:25:32'),(57,67,77,2,'2021-09-20 23:25:32','2021-09-20 23:25:32'),(58,8,77,1,'2021-09-20 23:25:32','2021-09-20 23:25:32'),(59,46,77,3,'2021-09-20 23:25:32','2021-09-20 23:25:32'),(60,11,77,3,'2021-09-20 23:25:33','2021-09-20 23:25:33'),(61,88,77,3,'2021-09-20 23:25:33','2021-09-20 23:25:33'),(62,81,77,2,'2021-09-20 23:25:33','2021-09-20 23:25:33'),(63,43,77,1,'2021-09-20 23:25:34','2021-09-20 23:25:34'),(64,91,77,2,'2021-09-20 23:25:34','2021-09-20 23:25:34'),(65,41,77,3,'2021-09-20 23:25:34','2021-09-20 23:25:34'),(66,63,77,3,'2021-09-20 23:25:35','2021-09-20 23:25:35'),(67,30,77,3,'2021-09-20 23:25:35','2021-09-20 23:25:35'),(68,96,77,3,'2021-09-20 23:25:35','2021-09-20 23:25:35'),(69,62,77,2,'2021-09-20 23:25:36','2021-09-20 23:25:36'),(70,23,77,3,'2021-09-20 23:25:36','2021-09-20 23:25:36'),(71,60,29,2,'2021-09-20 23:25:37','2021-09-20 23:25:37'),(72,35,29,2,'2021-09-20 23:25:37','2021-09-20 23:25:37'),(73,18,29,2,'2021-09-20 23:25:38','2021-09-20 23:25:38'),(74,26,29,2,'2021-09-20 23:25:38','2021-09-20 23:25:38'),(75,22,29,1,'2021-09-20 23:25:38','2021-09-20 23:25:38'),(76,76,29,3,'2021-09-20 23:25:38','2021-09-20 23:25:38'),(77,54,29,3,'2021-09-20 23:25:38','2021-09-20 23:25:38'),(78,40,89,2,'2021-09-20 23:25:39','2021-09-20 23:25:39'),(79,67,89,2,'2021-09-20 23:25:39','2021-09-20 23:25:39'),(80,15,89,3,'2021-09-20 23:25:40','2021-09-20 23:25:40'),(81,74,89,1,'2021-09-20 23:25:40','2021-09-20 23:25:40'),(82,72,89,1,'2021-09-20 23:25:40','2021-09-20 23:25:40'),(83,6,89,1,'2021-09-20 23:25:40','2021-09-20 23:25:40'),(84,62,89,2,'2021-09-20 23:25:40','2021-09-20 23:25:40'),(85,21,61,1,'2021-09-20 23:25:45','2021-09-20 23:25:45'),(86,36,61,1,'2021-09-20 23:25:46','2021-09-20 23:25:46'),(87,5,61,2,'2021-09-20 23:25:46','2021-09-20 23:25:46'),(88,52,61,1,'2021-09-20 23:25:46','2021-09-20 23:25:46'),(89,56,61,3,'2021-09-20 23:25:46','2021-09-20 23:25:46'),(90,87,61,1,'2021-09-20 23:25:47','2021-09-20 23:25:47'),(91,59,61,1,'2021-09-20 23:25:47','2021-09-20 23:25:47'),(92,28,61,3,'2021-09-20 23:25:47','2021-09-20 23:25:47'),(93,97,61,2,'2021-09-20 23:25:47','2021-09-20 23:25:47'),(94,95,61,1,'2021-09-20 23:25:47','2021-09-20 23:25:47'),(95,39,61,3,'2021-09-20 23:25:48','2021-09-20 23:25:48'),(96,81,61,3,'2021-09-20 23:25:48','2021-09-20 23:25:48'),(97,1,61,3,'2021-09-20 23:25:48','2021-09-20 23:25:48'),(98,68,61,2,'2021-09-20 23:25:48','2021-09-20 23:25:48'),(99,90,61,3,'2021-09-20 23:25:48','2021-09-20 23:25:48'),(100,99,23,3,'2021-09-20 23:25:50','2021-09-20 23:25:50'),(101,71,23,2,'2021-09-20 23:25:51','2021-09-20 23:25:51'),(102,65,23,1,'2021-09-20 23:25:51','2021-09-20 23:25:51'),(103,89,23,3,'2021-09-20 23:25:51','2021-09-20 23:25:51'),(104,13,23,3,'2021-09-20 23:25:51','2021-09-20 23:25:51'),(105,39,23,3,'2021-09-20 23:25:52','2021-09-20 23:25:52'),(106,31,23,2,'2021-09-20 23:25:52','2021-09-20 23:25:52'),(107,31,23,1,'2021-09-20 23:25:52','2021-09-20 23:25:52'),(108,13,23,3,'2021-09-20 23:25:52','2021-09-20 23:25:52'),(109,60,23,1,'2021-09-20 23:25:52','2021-09-20 23:25:52'),(110,23,23,1,'2021-09-20 23:25:53','2021-09-20 23:25:53'),(111,98,23,2,'2021-09-20 23:25:53','2021-09-20 23:25:53'),(112,55,23,1,'2021-09-20 23:25:53','2021-09-20 23:25:53'),(113,72,23,3,'2021-09-20 23:25:53','2021-09-20 23:25:53'),(114,69,23,1,'2021-09-20 23:25:54','2021-09-20 23:25:54'),(115,62,23,3,'2021-09-20 23:25:54','2021-09-20 23:25:54'),(116,67,23,1,'2021-09-20 23:25:54','2021-09-20 23:25:54'),(117,8,23,3,'2021-09-20 23:25:54','2021-09-20 23:25:54'),(118,86,41,2,'2021-09-21 11:29:54','2021-09-21 11:29:54'),(119,99,65,1,'2021-09-21 11:29:55','2021-09-21 11:29:55'),(120,35,95,3,'2021-09-21 11:29:55','2021-09-21 11:29:55'),(121,73,50,1,'2021-09-21 11:29:56','2021-09-21 11:29:56'),(122,11,55,2,'2021-09-21 11:29:56','2021-09-21 11:29:56'),(123,59,60,1,'2021-09-21 11:29:57','2021-09-21 11:29:57'),(124,30,85,2,'2021-09-21 11:29:58','2021-09-21 11:29:58'),(125,23,8,3,'2021-09-21 11:29:58','2021-09-21 11:29:58'),(126,29,32,3,'2021-09-21 11:29:59','2021-09-21 11:29:59'),(127,71,35,2,'2021-09-21 11:29:59','2021-09-21 11:29:59'),(128,96,2,1,'2021-09-21 11:30:07','2021-09-21 11:30:07'),(129,93,7,2,'2021-09-21 11:30:08','2021-09-21 11:30:08'),(130,49,83,3,'2021-09-21 11:30:09','2021-09-21 11:30:09'),(131,94,65,2,'2021-09-21 11:30:10','2021-09-21 11:30:10'),(132,20,67,3,'2021-09-21 11:30:10','2021-09-21 11:30:10'),(133,98,50,2,'2021-09-21 11:30:11','2021-09-21 11:30:11'),(134,36,8,1,'2021-09-21 11:30:11','2021-09-21 11:30:11'),(135,32,68,2,'2021-09-21 11:30:11','2021-09-21 11:30:11'),(136,7,6,1,'2021-09-21 11:30:12','2021-09-21 11:30:12'),(137,27,10,3,'2021-09-21 11:30:13','2021-09-21 11:30:13'),(138,11,47,1,'2021-09-21 11:30:13','2021-09-21 11:30:13'),(139,78,80,2,'2021-09-21 11:30:14','2021-09-21 11:30:14'),(140,88,43,2,'2021-09-21 11:30:17','2021-09-21 11:30:17'),(141,18,41,2,'2021-09-21 11:30:21','2021-09-21 11:30:21'),(142,32,9,2,'2021-09-21 11:30:22','2021-09-21 11:30:22'),(143,97,53,3,'2021-09-21 11:30:22','2021-09-21 11:30:22'),(144,11,33,1,'2021-09-21 11:30:23','2021-09-21 11:30:23'),(145,63,17,3,'2021-09-21 11:30:24','2021-09-21 11:30:24'),(146,16,99,2,'2021-09-21 11:30:24','2021-09-21 11:30:24'),(147,49,96,2,'2021-09-21 11:30:25','2021-09-21 11:30:25'),(148,91,49,3,'2021-09-21 11:30:26','2021-09-21 11:30:26'),(149,11,39,2,'2021-09-21 11:30:26','2021-09-21 11:30:26'),(150,99,6,1,'2021-09-21 11:30:30','2021-09-21 11:30:30'),(151,34,92,3,'2021-09-21 16:36:44','2021-09-21 16:36:44'),(152,80,92,3,'2021-09-21 16:36:45','2021-09-21 16:36:45'),(153,1,92,3,'2021-09-21 16:36:46','2021-09-21 16:36:46'),(154,59,92,3,'2021-09-21 16:36:46','2021-09-21 16:36:46'),(155,95,92,3,'2021-09-21 16:36:47','2021-09-21 16:36:47'),(156,98,92,3,'2021-09-21 16:36:48','2021-09-21 16:36:48'),(157,6,86,3,'2021-09-21 16:37:20','2021-09-21 16:37:20'),(158,31,86,3,'2021-09-21 16:37:22','2021-09-21 16:37:22'),(159,41,86,3,'2021-09-21 16:37:22','2021-09-21 16:37:22'),(160,9,86,3,'2021-09-21 16:37:23','2021-09-21 16:37:23'),(161,23,19,3,'2021-09-21 16:37:33','2021-09-21 16:37:33'),(162,87,19,3,'2021-09-21 16:37:34','2021-09-21 16:37:34'),(163,68,19,3,'2021-09-21 16:37:34','2021-09-21 16:37:34'),(164,80,19,3,'2021-09-21 16:37:35','2021-09-21 16:37:35'),(165,94,19,3,'2021-09-21 16:37:36','2021-09-21 16:37:36'),(166,32,19,3,'2021-09-21 16:37:36','2021-09-21 16:37:36'),(167,75,19,3,'2021-09-21 16:37:37','2021-09-21 16:37:37'),(168,80,19,3,'2021-09-21 16:37:38','2021-09-21 16:37:38'),(169,75,19,3,'2021-09-21 16:37:38','2021-09-21 16:37:38'),(170,35,19,3,'2021-09-21 16:37:39','2021-09-21 16:37:39'),(171,51,19,3,'2021-09-21 16:37:40','2021-09-21 16:37:40'),(172,49,19,3,'2021-09-21 16:37:41','2021-09-21 16:37:41'),(173,91,26,3,'2021-09-21 16:37:58','2021-09-21 16:37:58'),(174,12,26,3,'2021-09-21 16:37:59','2021-09-21 16:37:59'),(175,84,26,3,'2021-09-21 16:38:00','2021-09-21 16:38:00'),(176,85,26,3,'2021-09-21 16:38:00','2021-09-21 16:38:00'),(177,74,26,3,'2021-09-21 16:38:00','2021-09-21 16:38:00'),(178,17,26,3,'2021-09-21 16:38:00','2021-09-21 16:38:00'),(179,58,26,3,'2021-09-21 16:38:00','2021-09-21 16:38:00'),(180,42,26,3,'2021-09-21 16:38:01','2021-09-21 16:38:01'),(181,34,26,3,'2021-09-21 16:38:01','2021-09-21 16:38:01'),(182,44,26,3,'2021-09-21 16:38:01','2021-09-21 16:38:01'),(183,17,13,3,'2021-09-21 16:38:14','2021-09-21 16:38:14'),(184,53,13,3,'2021-09-21 16:38:15','2021-09-21 16:38:15'),(185,13,13,3,'2021-09-21 16:38:15','2021-09-21 16:38:15'),(186,7,13,3,'2021-09-21 16:38:15','2021-09-21 16:38:15'),(187,96,13,3,'2021-09-21 16:38:16','2021-09-21 16:38:16'),(188,60,13,3,'2021-09-21 16:38:16','2021-09-21 16:38:16'),(189,11,13,3,'2021-09-21 16:38:16','2021-09-21 16:38:16'),(190,75,13,3,'2021-09-21 16:38:17','2021-09-21 16:38:17'),(191,44,47,3,'2021-09-21 16:38:26','2021-09-21 16:38:26'),(192,91,47,3,'2021-09-21 16:38:26','2021-09-21 16:38:26'),(193,27,47,3,'2021-09-21 16:38:26','2021-09-21 16:38:26'),(194,58,47,3,'2021-09-21 16:38:26','2021-09-21 16:38:26'),(195,12,47,3,'2021-09-21 16:38:27','2021-09-21 16:38:27'),(196,82,53,3,'2021-09-21 16:38:36','2021-09-21 16:38:36'),(197,76,53,3,'2021-09-21 16:38:36','2021-09-21 16:38:36'),(198,34,11,3,'2021-09-21 16:38:45','2021-09-21 16:38:45'),(199,40,11,3,'2021-09-21 16:38:46','2021-09-21 16:38:46'),(200,98,11,3,'2021-09-21 16:38:46','2021-09-21 16:38:46'),(201,75,11,3,'2021-09-21 16:38:47','2021-09-21 16:38:47'),(202,79,11,3,'2021-09-21 16:38:47','2021-09-21 16:38:47'),(203,70,11,3,'2021-09-21 16:38:48','2021-09-21 16:38:48'),(204,13,11,3,'2021-09-21 16:38:49','2021-09-21 16:38:49'),(205,54,11,3,'2021-09-21 16:38:49','2021-09-21 16:38:49'),(206,33,11,3,'2021-09-21 16:38:50','2021-09-21 16:38:50'),(207,3,11,3,'2021-09-21 16:38:50','2021-09-21 16:38:50'),(208,15,11,3,'2021-09-21 16:38:51','2021-09-21 16:38:51'),(209,65,98,3,'2021-09-21 16:39:01','2021-09-21 16:39:01'),(210,80,98,3,'2021-09-21 16:39:01','2021-09-21 16:39:01'),(211,9,98,3,'2021-09-21 16:39:02','2021-09-21 16:39:02'),(212,99,98,3,'2021-09-21 16:39:02','2021-09-21 16:39:02'),(213,71,98,3,'2021-09-21 16:39:02','2021-09-21 16:39:02'),(214,57,98,3,'2021-09-21 16:39:03','2021-09-21 16:39:03'),(215,71,98,3,'2021-09-21 16:39:03','2021-09-21 16:39:03'),(216,87,98,3,'2021-09-21 16:39:03','2021-09-21 16:39:03'),(217,22,49,3,'2021-09-21 16:39:10','2021-09-21 16:39:10'),(218,46,49,3,'2021-09-21 16:39:10','2021-09-21 16:39:10'),(219,63,49,3,'2021-09-21 16:39:10','2021-09-21 16:39:10'),(220,81,49,3,'2021-09-21 16:39:10','2021-09-21 16:39:10'),(221,15,49,3,'2021-09-21 16:39:10','2021-09-21 16:39:10'),(222,32,49,3,'2021-09-21 16:39:11','2021-09-21 16:39:11'),(223,15,49,3,'2021-09-21 16:39:11','2021-09-21 16:39:11'),(224,77,49,3,'2021-09-21 16:39:12','2021-09-21 16:39:12'),(225,44,49,3,'2021-09-21 16:39:12','2021-09-21 16:39:12'),(226,88,49,3,'2021-09-21 16:44:51','2021-09-21 16:44:51'),(227,8,49,3,'2021-09-21 16:45:10','2021-09-21 16:45:10');
/*!40000 ALTER TABLE `likes` ENABLE KEYS */;
UNLOCK TABLES;

--
-- Table structure for table `media`
--

DROP TABLE IF EXISTS `media`;
/*!40101 SET @saved_cs_client     = @@character_set_client */;
/*!50503 SET character_set_client = utf8mb4 */;
CREATE TABLE `media` (
  `id` int unsigned NOT NULL AUTO_INCREMENT COMMENT 'Идентификатор строки',
  `filename` varchar(255) NOT NULL COMMENT 'Полный путь к файлу',
  `media_type_id` int unsigned NOT NULL COMMENT 'Ссылка на тип файла',
  `metadata` json NOT NULL COMMENT 'Метаданные файла (дополнительные параметры, переменного числа в зависимости от типа файла)',
  `user_id` int unsigned NOT NULL COMMENT 'Ссылка на пользователя',
  `created_at` datetime DEFAULT CURRENT_TIMESTAMP COMMENT 'Время создания строки',
  `updated_at` datetime DEFAULT CURRENT_TIMESTAMP ON UPDATE CURRENT_TIMESTAMP COMMENT 'Время обновления строки',
  PRIMARY KEY (`id`),
  KEY `media_media_type_id` (`media_type_id`),
  KEY `media_user_id` (`user_id`),
  CONSTRAINT `media_media_type_id` FOREIGN KEY (`media_type_id`) REFERENCES `media_types` (`id`),
  CONSTRAINT `media_user_id` FOREIGN KEY (`user_id`) REFERENCES `users` (`id`)
) ENGINE=InnoDB AUTO_INCREMENT=101 DEFAULT CHARSET=utf8mb4 COLLATE=utf8mb4_0900_ai_ci COMMENT='Медиафайлы';
/*!40101 SET character_set_client = @saved_cs_client */;

--
-- Dumping data for table `media`
--

LOCK TABLES `media` WRITE;
/*!40000 ALTER TABLE `media` DISABLE KEYS */;
INSERT INTO `media` VALUES (1,'est.wav',1,'{\"size\": 638135, \"duration\": 32127, \"extension\": \"wav\"}',1,'1992-01-19 12:30:48','2021-09-09 19:41:32'),(2,'vitae',2,'{}',2,'1971-05-02 12:14:35','2021-09-09 19:39:21'),(3,'non',3,'{}',3,'1987-08-06 05:51:17','2021-09-09 19:39:21'),(4,'dolorem',4,'{}',4,'1981-11-18 11:38:37','2021-09-09 19:39:21'),(5,'natus',5,'{}',5,'1997-02-08 03:47:46','2021-09-09 19:39:21'),(6,'eum.wav',1,'{\"size\": 691899, \"duration\": 49571, \"extension\": \"wav\"}',6,'2002-01-25 18:28:20','2021-09-09 19:41:32'),(7,'veritatis',2,'{}',7,'2020-12-20 07:25:25','2021-09-09 19:39:21'),(8,'architecto',3,'{}',8,'1980-04-07 06:23:30','2021-09-09 19:39:21'),(9,'placeat',4,'{}',9,'2015-11-10 08:23:02','2021-09-09 19:39:21'),(10,'aut',5,'{}',10,'2005-11-08 17:44:35','2021-09-09 19:39:21'),(11,'et.wav',1,'{\"size\": 402855, \"duration\": 52715, \"extension\": \"wav\"}',11,'2010-04-02 12:46:47','2021-09-09 19:41:32'),(12,'aliquid',2,'{}',12,'2018-04-02 05:41:33','2021-09-09 19:39:21'),(13,'quasi',3,'{}',13,'1998-12-15 19:58:01','2021-09-09 19:39:21'),(14,'illum',4,'{}',14,'2016-01-27 06:31:50','2021-09-09 19:39:21'),(15,'est',5,'{}',15,'1999-01-11 19:45:23','2021-09-09 19:39:21'),(16,'debitis.wav',1,'{\"size\": 427155, \"duration\": 55434, \"extension\": \"wav\"}',16,'1982-11-15 23:43:20','2021-09-09 19:41:32'),(17,'ad',2,'{}',17,'1976-04-06 00:29:51','2021-09-09 19:39:21'),(18,'totam',3,'{}',18,'1986-05-11 08:13:52','2021-09-09 19:39:21'),(19,'quod',4,'{}',19,'1976-11-23 01:28:42','2021-09-09 19:39:21'),(20,'necessitatibus',5,'{}',20,'2002-12-30 13:48:01','2021-09-09 19:39:21'),(21,'sed.wav',1,'{\"size\": 490236, \"duration\": 78816, \"extension\": \"wav\"}',21,'1987-11-15 17:52:54','2021-09-09 19:41:32'),(22,'perspiciatis',2,'{}',22,'1999-06-03 20:04:26','2021-09-09 19:39:21'),(23,'velit',3,'{}',23,'1994-09-02 08:49:53','2021-09-09 19:39:21'),(24,'rerum',4,'{}',24,'1976-01-22 10:00:30','2021-09-09 19:39:21'),(25,'autem',5,'{}',25,'2015-11-18 10:22:30','2021-09-09 19:39:21'),(26,'est.wav',1,'{\"size\": 470084, \"duration\": 98595, \"extension\": \"wav\"}',26,'1998-06-28 10:31:12','2021-09-09 19:41:32'),(27,'minima',2,'{}',27,'2018-08-17 07:48:42','2021-09-09 19:39:21'),(28,'eligendi',3,'{}',28,'2004-07-20 01:14:03','2021-09-09 19:39:21'),(29,'similique',4,'{}',29,'2011-05-05 17:38:14','2021-09-09 19:39:21'),(30,'impedit',5,'{}',30,'2006-12-21 21:34:50','2021-09-09 19:39:21'),(31,'assumenda.wav',1,'{\"size\": 519473, \"duration\": 63953, \"extension\": \"wav\"}',31,'1992-09-22 06:03:26','2021-09-09 19:41:32'),(32,'ea',2,'{}',32,'1987-12-29 09:13:40','2021-09-09 19:39:21'),(33,'commodi',3,'{}',33,'1997-09-26 18:08:44','2021-09-09 19:39:21'),(34,'aut',4,'{}',34,'1972-02-09 16:51:52','2021-09-09 19:39:21'),(35,'similique',5,'{}',35,'1974-03-10 22:08:24','2021-09-09 19:39:21'),(36,'ut.wav',1,'{\"size\": 639231, \"duration\": 27757, \"extension\": \"wav\"}',36,'1979-02-23 20:11:59','2021-09-09 19:41:32'),(37,'pariatur',2,'{}',37,'1997-01-18 06:15:07','2021-09-09 19:39:21'),(38,'ut',3,'{}',38,'2000-04-30 09:46:43','2021-09-09 19:39:21'),(39,'qui',4,'{}',39,'2014-02-14 07:54:55','2021-09-09 19:39:21'),(40,'qui',5,'{}',40,'1981-05-06 09:29:57','2021-09-09 19:39:21'),(41,'velit.wav',1,'{\"size\": 470133, \"duration\": 51797, \"extension\": \"wav\"}',41,'1984-07-28 18:19:35','2021-09-09 19:41:32'),(42,'consequuntur',2,'{}',42,'2020-02-22 16:18:15','2021-09-09 19:39:21'),(43,'quia',3,'{}',43,'1996-10-05 17:01:20','2021-09-09 19:39:21'),(44,'officiis',4,'{}',44,'1986-09-07 08:12:28','2021-09-09 19:39:21'),(45,'placeat',5,'{}',45,'2020-03-08 21:17:45','2021-09-09 19:39:21'),(46,'qui.wav',1,'{\"size\": 179448, \"duration\": 34333, \"extension\": \"wav\"}',46,'1979-10-11 22:56:44','2021-09-09 19:41:32'),(47,'officia',2,'{}',47,'1995-04-18 03:44:01','2021-09-09 19:39:21'),(48,'omnis',3,'{}',48,'1974-09-21 22:33:26','2021-09-09 19:39:21'),(49,'voluptas',4,'{}',49,'1976-01-09 07:22:39','2021-09-09 19:39:21'),(50,'quod',5,'{}',50,'1973-02-01 07:02:19','2021-09-09 19:39:21'),(51,'velit.wav',1,'{\"size\": 178307, \"duration\": 86155, \"extension\": \"wav\"}',51,'1970-02-11 12:06:38','2021-09-09 19:41:32'),(52,'voluptatum',2,'{}',52,'1977-01-06 02:03:39','2021-09-09 19:39:21'),(53,'architecto',3,'{}',53,'1974-06-07 14:18:29','2021-09-09 19:39:21'),(54,'inventore',4,'{}',54,'1998-06-27 03:08:57','2021-09-09 19:39:21'),(55,'error',5,'{}',55,'2006-05-03 22:25:22','2021-09-09 19:39:21'),(56,'voluptatem.wav',1,'{\"size\": 772798, \"duration\": 27936, \"extension\": \"wav\"}',56,'1998-09-13 10:44:10','2021-09-09 19:41:32'),(57,'ex',2,'{}',57,'1987-08-06 05:37:26','2021-09-09 19:39:21'),(58,'ex',3,'{}',58,'1971-07-16 04:36:17','2021-09-09 19:39:21'),(59,'recusandae',4,'{}',59,'1989-10-20 09:45:23','2021-09-09 19:39:21'),(60,'aspernatur',5,'{}',60,'1978-10-18 19:31:39','2021-09-09 19:39:21'),(61,'quae.wav',1,'{\"size\": 78396, \"duration\": 55391, \"extension\": \"wav\"}',61,'1979-09-23 15:35:05','2021-09-09 19:41:32'),(62,'iure',2,'{}',62,'1979-10-02 14:22:23','2021-09-09 19:39:21'),(63,'eligendi',3,'{}',63,'2013-09-04 16:37:34','2021-09-09 19:39:21'),(64,'voluptatem',4,'{}',64,'2010-06-01 03:51:49','2021-09-09 19:39:21'),(65,'illo',5,'{}',65,'1976-12-01 00:49:14','2021-09-09 19:39:21'),(66,'perspiciatis.wav',1,'{\"size\": 534340, \"duration\": 999, \"extension\": \"wav\"}',66,'1995-05-03 21:37:01','2021-09-09 19:41:32'),(67,'magnam',2,'{}',67,'1974-10-14 00:45:13','2021-09-09 19:39:21'),(68,'quos',3,'{}',68,'1993-08-24 07:43:07','2021-09-09 19:39:21'),(69,'ipsa',4,'{}',69,'1991-12-19 04:04:16','2021-09-09 19:39:21'),(70,'necessitatibus',5,'{}',70,'2011-07-16 11:04:27','2021-09-09 19:39:21'),(71,'officia.wav',1,'{\"size\": 446898, \"duration\": 20454, \"extension\": \"wav\"}',71,'1995-07-27 03:00:53','2021-09-09 19:41:32'),(72,'ratione',2,'{}',72,'1984-06-01 06:39:48','2021-09-09 19:39:21'),(73,'similique',3,'{}',73,'1974-01-23 00:46:42','2021-09-09 19:39:21'),(74,'quia',4,'{}',74,'2003-12-22 16:37:31','2021-09-09 19:39:21'),(75,'cumque',5,'{}',75,'1976-09-21 19:18:59','2021-09-09 19:39:21'),(76,'vitae.wav',1,'{\"size\": 681985, \"duration\": 79632, \"extension\": \"wav\"}',76,'1981-11-09 03:52:49','2021-09-09 19:41:32'),(77,'ad',2,'{}',77,'1986-09-29 06:39:37','2021-09-09 19:39:21'),(78,'commodi',3,'{}',78,'1984-07-12 23:30:46','2021-09-09 19:39:21'),(79,'et',4,'{}',79,'1979-03-29 08:30:29','2021-09-09 19:39:21'),(80,'nihil',5,'{}',80,'1996-04-11 06:37:11','2021-09-09 19:39:21'),(81,'est.wav',1,'{\"size\": 935629, \"duration\": 28920, \"extension\": \"wav\"}',81,'2015-09-14 01:17:14','2021-09-09 19:41:32'),(82,'repellendus',2,'{}',82,'2001-05-23 22:19:40','2021-09-09 19:39:21'),(83,'molestias',3,'{}',83,'1976-09-13 23:12:10','2021-09-09 19:39:21'),(84,'aut',4,'{}',84,'1995-02-17 11:54:35','2021-09-09 19:39:21'),(85,'eum',5,'{}',85,'2017-03-06 07:50:37','2021-09-09 19:39:21'),(86,'odio.wav',1,'{\"size\": 639092, \"duration\": 32788, \"extension\": \"wav\"}',86,'1970-09-30 02:08:17','2021-09-09 19:41:32'),(87,'minus',2,'{}',87,'1987-10-26 07:26:13','2021-09-09 19:39:21'),(88,'aspernatur',3,'{}',88,'1997-03-04 18:34:34','2021-09-09 19:39:21'),(89,'dolorem',4,'{}',89,'1989-04-25 10:51:41','2021-09-09 19:39:21'),(90,'et',5,'{}',90,'1981-12-23 03:10:31','2021-09-09 19:39:21'),(91,'laboriosam.wav',1,'{\"size\": 722080, \"duration\": 62679, \"extension\": \"wav\"}',91,'2000-05-15 23:00:56','2021-09-09 19:41:32'),(92,'voluptatibus',2,'{}',92,'2015-10-03 06:19:36','2021-09-09 19:39:21'),(93,'nemo',3,'{}',93,'1972-11-23 06:44:09','2021-09-09 19:39:21'),(94,'quas',4,'{}',94,'1971-09-02 15:32:05','2021-09-09 19:39:21'),(95,'facilis',5,'{}',95,'2004-12-19 18:23:08','2021-09-09 19:39:21'),(96,'impedit.wav',1,'{\"size\": 967683, \"duration\": 95806, \"extension\": \"wav\"}',96,'1998-11-10 01:07:51','2021-09-09 19:41:32'),(97,'nisi',2,'{}',97,'1979-12-04 17:35:17','2021-09-09 19:39:21'),(98,'ut',3,'{}',98,'2004-03-31 10:52:25','2021-09-09 19:39:21'),(99,'et',4,'{}',99,'1998-01-10 13:54:35','2021-09-09 19:39:21'),(100,'sapiente',5,'{}',100,'1973-08-08 08:30:14','2021-09-09 19:39:21');
/*!40000 ALTER TABLE `media` ENABLE KEYS */;
UNLOCK TABLES;

--
-- Table structure for table `media_types`
--

DROP TABLE IF EXISTS `media_types`;
/*!40101 SET @saved_cs_client     = @@character_set_client */;
/*!50503 SET character_set_client = utf8mb4 */;
CREATE TABLE `media_types` (
  `id` int unsigned NOT NULL AUTO_INCREMENT COMMENT 'Идентификатор строки',
  `name` varchar(255) NOT NULL COMMENT 'Название типа',
  `created_at` datetime DEFAULT CURRENT_TIMESTAMP COMMENT 'Время создания строки',
  `updated_at` datetime DEFAULT CURRENT_TIMESTAMP ON UPDATE CURRENT_TIMESTAMP COMMENT 'Время обновления строки',
  PRIMARY KEY (`id`),
  UNIQUE KEY `name` (`name`)
) ENGINE=InnoDB AUTO_INCREMENT=6 DEFAULT CHARSET=utf8mb4 COLLATE=utf8mb4_0900_ai_ci COMMENT='Типы медиафайлов';
/*!40101 SET character_set_client = @saved_cs_client */;

--
-- Dumping data for table `media_types`
--

LOCK TABLES `media_types` WRITE;
/*!40000 ALTER TABLE `media_types` DISABLE KEYS */;
INSERT INTO `media_types` VALUES (1,'audio','2014-05-10 23:33:21','2021-09-09 19:39:57'),(2,'image','2018-07-08 00:16:23','2021-09-09 19:39:58'),(3,'video','1973-09-11 17:31:02','2021-09-09 19:39:59'),(4,'gif','2019-11-30 00:51:28','2021-09-09 19:39:59'),(5,'document','1998-01-13 18:48:11','2021-09-09 19:40:00');
/*!40000 ALTER TABLE `media_types` ENABLE KEYS */;
UNLOCK TABLES;

--
-- Table structure for table `messages`
--

DROP TABLE IF EXISTS `messages`;
/*!40101 SET @saved_cs_client     = @@character_set_client */;
/*!50503 SET character_set_client = utf8mb4 */;
CREATE TABLE `messages` (
  `id` int unsigned NOT NULL AUTO_INCREMENT COMMENT 'Идентификатор строки',
  `from_user_id` int unsigned NOT NULL COMMENT 'Ссылка на отправителя сообщения',
  `to_user_id` int unsigned NOT NULL COMMENT 'Ссылка на получателя сообщения',
  `body` text NOT NULL COMMENT 'Текст сообщения',
  `is_important` tinyint(1) DEFAULT NULL COMMENT 'Признак важности',
  `is_delivered` tinyint(1) DEFAULT NULL COMMENT 'Признак доставки',
  `created_at` datetime DEFAULT CURRENT_TIMESTAMP COMMENT 'Время создания строки',
  `updated_at` datetime DEFAULT CURRENT_TIMESTAMP ON UPDATE CURRENT_TIMESTAMP COMMENT 'Время обновления строки',
  PRIMARY KEY (`id`),
  KEY `messages_from_user_id` (`from_user_id`),
  KEY `messages_to_user_id` (`to_user_id`),
  CONSTRAINT `messages_from_user_id` FOREIGN KEY (`from_user_id`) REFERENCES `users` (`id`),
  CONSTRAINT `messages_to_user_id` FOREIGN KEY (`to_user_id`) REFERENCES `users` (`id`)
) ENGINE=InnoDB AUTO_INCREMENT=101 DEFAULT CHARSET=utf8mb4 COLLATE=utf8mb4_0900_ai_ci COMMENT='Сообщения';
/*!40101 SET character_set_client = @saved_cs_client */;

--
-- Dumping data for table `messages`
--

LOCK TABLES `messages` WRITE;
/*!40000 ALTER TABLE `messages` DISABLE KEYS */;
INSERT INTO `messages` VALUES (1,55,26,'Perspiciatis culpa non veritatis. Molestiae quia culpa minus est fugit laborum. Sunt sint ullam aut pariatur impedit dignissimos quia aut.',0,0,'1984-04-18 20:58:57','2021-09-20 20:51:41'),(2,55,26,'Eaque esse nisi voluptas doloribus molestiae dicta. Sit sint quo veritatis doloribus alias exercitationem. Unde consectetur ratione accusantium voluptas nulla.',0,0,'1970-08-15 17:25:47','2021-09-20 20:51:41'),(3,55,26,'Molestiae accusamus omnis beatae sit praesentium omnis. Quos illum atque tempora quia. Eaque ut sed tenetur. Dolores modi non aliquid consectetur facere consequuntur quia.',0,1,'1975-03-19 07:20:49','2021-09-20 20:51:41'),(4,55,26,'Veniam commodi quis corporis. Ullam et nam et quod minus corporis. Eligendi ipsam maiores quia hic nihil. Non ex quibusdam nihil quod eligendi et omnis deserunt.',0,0,'2005-08-28 16:48:06','2021-09-20 20:51:41'),(5,55,26,'Omnis quasi neque in aut. Iure doloremque sunt porro eius ducimus vel. Modi sit harum corporis laudantium omnis voluptas dolorum aut. Ullam ea sint assumenda minima consequuntur molestias voluptatibus rerum.',0,0,'1985-01-19 13:47:45','2021-09-20 20:51:41'),(6,55,26,'Modi voluptatem voluptas consectetur sed laudantium impedit modi. Mollitia dolorum ea dolore omnis. Non unde non non est blanditiis. Qui vitae nemo cum cupiditate aut.',1,0,'2003-06-29 17:37:00','2021-09-20 20:51:41'),(7,55,26,'Repellat dolor et aspernatur mollitia impedit nostrum hic. Sed accusamus voluptas dolor maiores eum dolorum rerum. Molestias praesentium consequatur aut vel iure nam.',0,1,'2008-01-30 01:30:00','2021-09-20 20:51:41'),(8,55,26,'Repellendus eveniet delectus deserunt iusto nihil minima repellendus. Neque quia voluptas occaecati fugiat sit nostrum aperiam. Non eum omnis nulla consequuntur aut.',0,1,'1970-07-08 01:52:07','2021-09-20 20:51:41'),(9,55,26,'Quibusdam fuga architecto repellat sit et aut. Exercitationem aut quaerat qui eveniet.',0,1,'1982-12-19 16:44:07','2021-09-20 20:51:41'),(10,27,26,'Aut deserunt veniam explicabo quidem quae et. Magnam et necessitatibus recusandae pariatur cumque omnis. Minus alias est numquam ut fugit qui.',1,1,'1974-01-22 11:52:13','2021-09-20 20:51:37'),(11,12,26,'Placeat rerum quos qui est. Laboriosam qui earum aspernatur porro quis qui aut aspernatur. Error quos quae similique ea eveniet blanditiis voluptatem. Aspernatur et fuga et ut recusandae rerum.',0,1,'1989-12-21 06:16:12','2021-09-20 20:51:42'),(12,12,26,'Eaque est doloremque ut corrupti. Numquam voluptatem facilis asperiores facere dignissimos. Delectus non ullam autem eius qui. Natus ut quod corporis est nesciunt velit ad.',1,0,'1984-10-03 11:41:10','2021-09-20 20:51:42'),(13,12,26,'Facere saepe placeat dolorem in. Aut qui reiciendis rerum libero cum quae aut et. Laborum eum alias exercitationem autem. Nulla eos animi quia error est.',1,1,'2014-04-28 22:38:52','2021-09-20 20:51:42'),(14,12,26,'Accusantium facere non fugiat quidem ut. Sequi natus tempora quidem aperiam quae ratione. Odio a quidem qui omnis. Natus rerum quis eos amet assumenda.',0,1,'2016-09-28 19:20:23','2021-09-20 20:51:42'),(15,12,26,'Molestiae impedit nam quia perspiciatis. Sunt vitae voluptates quo et id corporis. Quo et eligendi sed praesentium rem magni eveniet eos.',1,1,'2010-03-06 04:03:04','2021-09-20 20:51:42'),(16,12,26,'Voluptas in dicta sed illum deserunt. Delectus est quasi quas dolorem. Odio in reprehenderit quia veniam. Temporibus architecto voluptate omnis consequatur consequatur et aut.',0,0,'1987-09-01 15:20:46','2021-09-20 20:51:42'),(17,71,26,'Occaecati quisquam qui et et est. Rerum at tempora sequi molestiae non minus. Minima iusto error tempore.',1,0,'2014-05-28 16:02:23','2021-09-20 20:51:37'),(18,41,26,'Dolores temporibus enim sint sed et distinctio numquam voluptatem. Molestiae aliquid omnis maxime. Voluptas et nesciunt ad aperiam rerum velit.',0,0,'1997-12-14 16:58:28','2021-09-20 20:51:44'),(19,41,26,'Rem omnis eius veniam fugit quos molestiae quia. Dicta asperiores voluptatibus eos quisquam velit rerum voluptas. Debitis officiis nulla aut odit ad. Aut ut cum eius. Dicta illo optio cum quo.',0,1,'2017-07-14 16:01:55','2021-09-20 20:51:44'),(20,41,26,'Eos aut et autem et. Asperiores qui reprehenderit natus sed.',0,0,'1998-05-05 04:10:17','2021-09-20 20:51:44'),(21,41,26,'Qui rerum saepe facilis voluptatem. Aliquam excepturi recusandae quo ducimus animi accusamus. Libero saepe inventore eaque enim sequi enim architecto ea. Soluta dignissimos sed sunt perferendis et minima.',0,1,'2014-05-18 23:20:55','2021-09-20 20:51:44'),(22,41,26,'Autem adipisci mollitia accusamus ad voluptas inventore tenetur. Voluptatem et quia nisi enim. Unde repudiandae ex laborum molestias accusamus est quae. Vero repellendus voluptatum magni est dolorum minima.',0,0,'1976-07-13 11:30:14','2021-09-20 20:51:44'),(23,81,26,'Placeat minima doloribus nobis officiis sint. Aspernatur dolorum ipsa ex vel sunt. Qui natus molestiae recusandae earum.',0,1,'1971-12-25 07:51:29','2021-09-20 20:51:37'),(24,63,26,'Molestiae voluptatem minima explicabo. Quo officiis voluptatem voluptas ut sit qui. Id est laboriosam voluptas eos tenetur.',1,1,'2010-02-28 23:11:54','2021-09-20 20:51:45'),(25,63,26,'Repudiandae cumque tenetur quia officiis facilis. In natus natus quae iure. Eos aut assumenda et aliquam rerum magnam. Ratione saepe id commodi earum soluta eum sit libero. Nesciunt nesciunt ad beatae ipsa commodi.',1,0,'1981-12-14 22:16:06','2021-09-20 20:51:45'),(26,63,26,'Rerum quae molestiae et consequuntur voluptatum repellendus. Similique voluptatem repellat illum accusamus ipsam cupiditate. Sed quia sit est voluptatem est doloribus doloremque. Cumque corrupti nihil ea corrupti dignissimos voluptas ipsam.',0,1,'1977-01-06 14:18:43','2021-09-20 20:51:45'),(27,63,26,'Impedit molestiae laboriosam est atque nesciunt. Et nulla quibusdam illum vitae repudiandae et. Rerum est aut temporibus quia sint non fuga. Nostrum qui iste blanditiis rerum et laborum. Delectus recusandae libero labore nihil unde.',0,0,'2001-06-30 04:33:30','2021-09-20 20:51:45'),(28,63,26,'Nobis reiciendis vel hic ex. Consequatur qui quod ipsa laborum eius quia necessitatibus. Molestias impedit id dolores voluptatum voluptatem velit dolor. Ea totam qui excepturi omnis.',1,1,'1980-03-17 12:03:49','2021-09-20 20:51:45'),(29,63,26,'Dolorum natus fugiat nihil sed. Corporis dicta voluptate sed non laboriosam dolor reprehenderit. Sit dolore rerum qui maiores sit quam hic. Nemo illo autem aut et illum nihil.',0,0,'1977-12-26 18:47:55','2021-09-20 20:51:45'),(30,13,26,'Explicabo ut nostrum autem. Exercitationem ipsam voluptatum dicta adipisci sunt quis. Necessitatibus quam dolores aut et perspiciatis.',0,0,'1978-06-15 05:14:49','2021-09-20 20:51:37'),(31,21,26,'Sunt qui sunt illo accusamus libero. Tempora voluptatem nam voluptates fugit id et pariatur. Ratione corporis repellat porro est. Aut velit et non id vero atque voluptatem unde.',1,0,'1975-12-03 09:30:47','2021-09-20 20:51:46'),(32,21,26,'Eos optio deserunt dolores ipsa. Et voluptatem odio cumque quis.',0,1,'1974-08-19 04:27:08','2021-09-20 20:51:46'),(33,21,26,'Quia dolores necessitatibus vel quaerat fuga porro accusantium. Ratione expedita illum eum dolor reprehenderit sit. Debitis eligendi quia sed vitae. Cum labore exercitationem quia maxime similique.',0,1,'1986-01-06 18:22:59','2021-09-20 20:51:46'),(34,21,26,'Itaque sunt qui qui sapiente deserunt non. Deleniti fuga aut at. Est dolorem harum cumque quo culpa nihil.',1,1,'1986-02-01 06:28:23','2021-09-20 20:51:46'),(35,21,55,'Autem est molestiae aut aliquid optio. Quo dolores et nihil exercitationem. Saepe sint distinctio minima alias numquam laborum veniam.',1,1,'2003-07-29 20:42:22','2021-09-20 20:51:46'),(36,25,62,'Sit officiis nisi laboriosam aut explicabo laboriosam placeat. Aliquam non cumque aut. Accusantium aut reiciendis enim quaerat. Quae autem vitae consequatur debitis.',1,1,'2010-09-16 12:43:07','2021-09-09 19:39:51'),(37,33,80,'Possimus molestiae id sed soluta amet est. Et deserunt et est molestiae quia. Est et impedit sit sit dolorem beatae in.',0,0,'1987-02-11 05:19:38','2021-09-09 19:39:51'),(38,100,61,'Molestiae eveniet sunt maiores consequuntur ratione voluptas. Voluptas modi blanditiis distinctio et. Tempora fuga corrupti quia eveniet dolore.',1,1,'2016-02-25 22:30:22','2021-09-09 19:39:51'),(39,4,36,'Minus ducimus impedit repellendus consectetur est voluptatem. Sunt laboriosam itaque soluta quidem dolor repellat. Nemo velit maxime in ut reprehenderit.',1,0,'2006-03-05 00:49:22','2021-09-09 19:39:51'),(40,66,23,'Autem quo sapiente tempore ut non cumque libero eveniet. Hic et ad sequi aut et omnis. Error iure qui totam nihil.',0,0,'1978-09-22 08:09:30','2021-09-09 19:39:51'),(41,16,11,'Laborum voluptatem delectus tempora numquam cum adipisci. Hic sunt quod et quia sint. Laborum ut sit voluptatem dolore consequuntur amet.',0,0,'1999-03-12 17:34:22','2021-09-09 19:39:51'),(42,7,1,'Delectus quod ut fuga et minima. Ut ipsum vitae qui harum. Quasi voluptatem veritatis eius nemo tempore ad quidem repellat. Qui dolorum sint et quibusdam iste.',0,1,'1993-01-13 17:46:42','2021-09-09 19:39:51'),(43,85,20,'Suscipit quas iure rerum. Dicta odio inventore quidem est. Eos accusantium labore vel impedit rerum. Officia neque et numquam voluptatem et.',1,1,'1985-04-20 02:56:02','2021-09-09 19:39:51'),(44,45,64,'Maxime animi nobis voluptatem odio blanditiis corrupti odio. Et eum est omnis corporis odit natus nihil excepturi. Cupiditate deserunt et ut eum animi.',0,0,'2008-01-23 07:58:08','2021-09-09 19:39:51'),(45,84,27,'Provident accusamus tempora est ut. Minus incidunt voluptatum vitae optio. Dolorum excepturi et sequi ducimus.',0,1,'2016-12-06 10:19:45','2021-09-09 19:39:51'),(46,83,33,'Consectetur vel tenetur temporibus consequatur itaque. Ut atque recusandae quos omnis. Sit laudantium deleniti blanditiis.',1,0,'1974-07-25 13:27:55','2021-09-09 19:39:51'),(47,17,84,'Dolorem temporibus blanditiis delectus quibusdam. Inventore sequi enim molestiae libero ullam. Nulla soluta officia quia magni cumque nisi a sit. Sunt aut eligendi voluptatem quo quis sint.',1,1,'2010-12-08 17:24:33','2021-09-09 19:39:51'),(48,71,99,'Nisi architecto necessitatibus voluptate quisquam perferendis. In magni fugit consequatur rem. Dolorem molestias vel illum qui perferendis cumque sequi veniam. Nisi nam corporis vel vitae atque numquam sit.',1,0,'1997-01-05 07:27:02','2021-09-09 19:39:51'),(49,83,19,'Consequatur rerum sequi nam repellat ad dolores rem. Et alias quo quia vero ipsam. Qui sit in qui voluptas qui.',1,0,'2019-02-16 09:00:14','2021-09-09 19:39:51'),(50,47,74,'At dolorem necessitatibus maxime. Quia omnis quas totam nihil aliquid autem. Vel saepe exercitationem reiciendis ut. Qui ut veritatis sed assumenda. Vel eligendi incidunt fugiat impedit.',0,1,'1973-11-12 17:23:38','2021-09-09 19:39:51'),(51,29,21,'Eius aut et aliquid earum. Nulla tenetur perferendis autem beatae. Ullam laudantium sed enim blanditiis hic. Repellat nulla sint et quasi et maxime. Illum ut laboriosam et id eius.',1,1,'2010-02-11 12:14:12','2021-09-09 19:39:51'),(52,19,32,'Itaque et voluptates ullam iusto est eligendi neque ea. Necessitatibus minima tenetur asperiores facere voluptatem et accusamus. Eaque nihil ex provident.',1,0,'2018-03-17 08:52:31','2021-09-09 19:39:51'),(53,2,15,'Saepe veritatis et quae quisquam. Aut omnis error et. Porro commodi iusto voluptatem expedita ipsum aspernatur mollitia.',0,0,'2018-01-27 08:39:50','2021-09-09 19:39:51'),(54,69,98,'Occaecati incidunt sequi totam suscipit saepe sit et veritatis. Id ipsum et odit rerum. Animi praesentium inventore tempora voluptatibus nihil doloribus eum.',0,1,'2006-09-01 04:03:31','2021-09-09 19:39:51'),(55,83,19,'Corporis sunt quia modi ut. Aliquam earum reiciendis eum vero eos. Tempore modi nesciunt quis commodi deserunt. Illum unde et iste aspernatur.',1,1,'2001-05-12 19:41:17','2021-09-09 19:39:51'),(56,47,75,'Sit quo quia voluptatem. Et ut asperiores repellendus voluptas corporis. Aut ut autem est eum pariatur in qui dolorum.',0,1,'1976-12-05 18:38:51','2021-09-09 19:39:51'),(57,36,53,'Qui delectus perspiciatis tempore suscipit eius. Ea omnis molestiae ipsam voluptate quia consequatur nihil. Maxime laudantium quia molestiae ea ipsum assumenda dignissimos sit.',0,0,'2000-01-12 17:31:12','2021-09-09 19:39:51'),(58,59,33,'Eum necessitatibus voluptatum facilis quo. Velit voluptates id autem porro. Enim autem dolorem fugiat quia et. Voluptates velit voluptas asperiores odit.',0,0,'2020-06-09 05:07:49','2021-09-09 19:39:51'),(59,87,36,'Natus molestias ipsa architecto maxime ipsam nemo. Et illo rerum eos.',0,1,'1998-01-20 22:30:06','2021-09-09 19:39:51'),(60,21,93,'Dolorum tenetur eum ut velit. Beatae perferendis alias pariatur vero corrupti rerum. Laborum voluptatem id aspernatur delectus sit. Mollitia tempora asperiores dolores nisi sit tempore.',0,1,'1999-09-23 03:45:09','2021-09-09 19:39:51'),(61,2,33,'Consequatur ea assumenda ut quasi tempore quasi quis magnam. Deleniti amet dolorem voluptas consectetur ipsa. Adipisci nam quo laborum explicabo quia ducimus voluptas.',0,1,'2006-12-02 06:16:39','2021-09-09 19:39:51'),(62,56,83,'Reiciendis veniam occaecati itaque officiis ratione ratione nobis. Doloribus asperiores non excepturi dolores nemo quis asperiores. Consectetur quaerat et officiis aut sint. Ab odio asperiores voluptatum.',0,1,'1987-07-05 05:13:59','2021-09-09 19:39:51'),(63,45,75,'Iste tempora aspernatur sit atque laboriosam quidem et. Id eligendi pariatur aut rerum vitae. Provident perspiciatis non vero voluptas voluptatem. Cum quae consequuntur et cupiditate autem est quis.',0,0,'2010-12-14 00:32:16','2021-09-09 19:39:51'),(64,39,72,'Odio vero quia eaque voluptate fugit esse. Exercitationem non molestias molestiae. Commodi iusto sint eum aut cupiditate voluptatibus tempora sequi.',0,1,'2016-11-25 10:20:19','2021-09-09 19:39:51'),(65,40,84,'Et corrupti voluptatum velit enim corrupti. Ad at dolorem recusandae maiores impedit. Dolorem libero sit ut voluptatem consequatur ullam dolores. Molestias velit accusamus officia dolorem rerum.',0,1,'1999-04-08 16:32:18','2021-09-09 19:39:51'),(66,99,42,'Quia quas reprehenderit commodi optio impedit error. Eum cupiditate enim magnam quidem et omnis maiores. Sunt omnis quaerat aut cumque hic nihil cumque. Et molestiae et quibusdam rerum. Quia aspernatur blanditiis illo excepturi.',1,0,'2013-09-26 09:28:32','2021-09-09 19:39:51'),(67,15,49,'Iste ut voluptatem est harum aspernatur cupiditate exercitationem voluptas. Illo ab dolorem sunt consectetur eius dignissimos. Similique quidem veniam ipsam aut illum.',0,1,'1981-12-23 08:24:06','2021-09-09 19:39:51'),(68,96,36,'Maxime cupiditate quasi vel aliquid assumenda aut expedita. Nam impedit soluta eos sapiente non tempora rem. Laudantium voluptas facere omnis aspernatur et possimus nesciunt odit. Cumque dolorem est sit est dolores.',0,1,'1989-04-03 18:23:41','2021-09-09 19:39:51'),(69,91,47,'Voluptatibus facilis modi quisquam veniam nobis ut. Incidunt culpa sapiente alias voluptate atque. Impedit non consequatur non aut. Dolore porro eos quidem quam.',1,1,'1999-01-03 00:06:59','2021-09-09 19:39:51'),(70,60,58,'Est adipisci laboriosam esse ea. Possimus dolore vel numquam ea dolorum aperiam. Vel dolor laborum molestias quas. Tenetur non voluptas molestias architecto similique.',1,0,'1983-06-04 16:03:39','2021-09-09 19:39:51'),(71,12,83,'Et sed nesciunt rerum atque molestiae. Reiciendis temporibus sapiente enim aperiam vel aut eveniet. Voluptatum ipsum est assumenda nesciunt.',1,1,'1970-10-23 15:29:47','2021-09-09 19:39:51'),(72,81,55,'Et deleniti excepturi sit asperiores. Et aut voluptates sed autem voluptatibus non fugiat. Enim dolor non sed ut officiis magni facere et.',1,1,'2018-07-19 04:20:11','2021-09-09 19:39:51'),(73,33,98,'Ut vero necessitatibus ut sint rerum. Id magnam sit aspernatur et. Provident sed numquam ut vitae magnam.',0,0,'1975-07-26 21:53:02','2021-09-09 19:39:51'),(74,89,52,'Quisquam sit sequi alias aliquid ut. Consequuntur sit ut voluptas sint totam enim facere. Quod eligendi illum possimus eum.',1,1,'2010-10-18 08:02:22','2021-09-09 19:39:51'),(75,92,4,'Molestiae aliquid voluptas et voluptatem. A porro corporis provident ut a accusantium eligendi. Culpa minima eaque eum enim et perspiciatis ducimus. Itaque quia est nihil sit rerum sapiente.',0,0,'1990-02-17 00:58:01','2021-09-09 19:39:51'),(76,44,5,'Voluptatem aut iste ut earum excepturi iure quam. Optio aut dolore culpa rerum nostrum iure et dolore. Et qui suscipit necessitatibus vel eaque odio ea.',0,0,'2002-01-09 08:33:07','2021-09-09 19:39:51'),(77,94,56,'Et et vel reprehenderit dolor quia et. Incidunt magni dolor nihil quisquam laborum. Asperiores laudantium eum et sint sit rerum et.',0,1,'2002-03-21 02:12:45','2021-09-09 19:39:51'),(78,97,15,'Officia sed beatae dolor quia expedita. Corporis quia perspiciatis explicabo quidem facere aliquam soluta inventore. Vitae quibusdam perferendis odio quia cum aperiam.',1,1,'2020-04-12 17:17:51','2021-09-09 19:39:51'),(79,84,73,'Eum reiciendis omnis reprehenderit placeat et atque. Nesciunt perspiciatis error consequatur aperiam qui nam reiciendis. Nemo autem voluptatum nulla vitae ullam.',1,0,'1986-11-13 13:05:27','2021-09-09 19:39:51'),(80,12,42,'Sit incidunt ea minima distinctio eum est eos dicta. Tempora ea impedit neque distinctio. Quisquam corporis voluptates ipsam et aut dolor odio. Tempora labore ut velit doloremque. Aut velit aliquid in qui illo.',1,1,'1970-03-16 16:13:31','2021-09-09 19:39:51'),(81,72,35,'Id cumque dolorum in iste in rerum deserunt. Nam nesciunt sed possimus. Quos dolorem expedita corporis occaecati vel. Nostrum dolor iste aliquid.',1,1,'1982-02-05 21:51:45','2021-09-09 19:39:51'),(82,57,80,'Qui rem voluptatum voluptas consectetur et. Repudiandae dolore commodi fugit. Eligendi autem tenetur qui explicabo accusantium. Dolor consectetur totam ratione quod laudantium aliquam inventore. Omnis dolor rem optio qui voluptatem.',1,1,'1986-10-07 07:35:21','2021-09-09 19:39:51'),(83,28,100,'Sunt molestiae commodi impedit molestias. Rem enim ut voluptas. Cupiditate pariatur autem ea eos nisi est.',1,0,'2008-11-12 15:42:10','2021-09-09 19:39:51'),(84,17,85,'Et voluptatum sequi laboriosam qui molestiae dicta illo delectus. Illum aut eos eveniet quidem aliquid. Aut ea et repudiandae alias. Iusto incidunt omnis autem aut sequi quia.',0,1,'2020-09-17 21:22:26','2021-09-09 19:39:51'),(85,71,99,'Omnis culpa voluptatem quo accusantium modi excepturi. Est minima placeat sint. Aut aut inventore adipisci eligendi esse itaque.',1,1,'1982-05-08 18:10:11','2021-09-09 19:39:51'),(86,83,16,'Fugit est ut aut. Ullam officiis architecto aliquam est corporis et. Similique possimus iusto ut quod et.',0,1,'2006-12-07 11:36:59','2021-09-09 19:39:51'),(87,31,8,'Consectetur qui in debitis enim eaque rerum aspernatur. Aspernatur quae eum labore mollitia. Earum explicabo commodi quasi assumenda sunt consectetur ex et. Omnis et voluptas voluptate sit mollitia possimus.',1,1,'2014-09-16 04:56:48','2021-09-09 19:39:51'),(88,46,3,'Optio vero illum eos a aut. Accusantium fugit occaecati placeat maxime aliquam ipsa ipsum. Accusantium atque voluptatem doloremque maxime velit. Numquam fuga esse assumenda maiores expedita voluptatibus magni qui.',1,0,'2005-11-18 16:19:50','2021-09-09 19:39:51'),(89,80,89,'Neque omnis laborum minima voluptas odit. Et maxime odio quidem unde voluptate dicta quia. Eveniet impedit sint perferendis consequatur sit.',0,1,'1983-09-03 03:30:12','2021-09-09 19:39:51'),(90,3,49,'Corrupti dolores architecto aut est cupiditate illum sapiente rem. Voluptatem molestiae aut beatae sunt earum voluptas consectetur. Doloremque aut nam voluptatem non aut.',0,1,'2018-11-14 21:50:08','2021-09-09 19:39:51'),(91,34,24,'Porro soluta aliquid ipsum nesciunt sed asperiores. Excepturi qui earum quae. Voluptatibus nulla rerum est cupiditate.',1,1,'1985-02-11 22:07:31','2021-09-09 19:39:51'),(92,18,15,'Aut explicabo qui unde ipsam aut voluptatem ut. Accusantium qui nihil sapiente et sit voluptatem rerum. Sit pariatur consequatur et harum voluptatem. Ullam doloremque omnis et labore asperiores consequuntur non. Ipsum harum totam et minima fugiat alias ut.',1,1,'1991-10-12 17:18:45','2021-09-09 19:39:51'),(93,21,61,'Quos distinctio ut consequatur non qui qui nostrum. Et est quaerat voluptatem dignissimos facilis. Velit dolores pariatur quis eveniet cum ipsa. Sequi sequi molestias laudantium et sint asperiores vitae.',1,0,'1984-02-14 02:59:57','2021-09-09 19:39:51'),(94,42,24,'Facere fuga quo nemo nobis rerum laudantium. Velit magnam officiis amet repudiandae. Id facilis quo adipisci neque aspernatur.',1,0,'1993-06-26 08:43:36','2021-09-09 19:39:51'),(95,94,100,'Cum sit dolor ipsum sit atque. Reiciendis fugit quidem saepe quo ipsam. Et ipsam rerum ex molestias sed quos repudiandae. Praesentium quisquam aut ea.',0,0,'2004-07-19 11:19:11','2021-09-09 19:39:51'),(96,16,80,'Tempore illum voluptatem et suscipit placeat et et. Dolor ut dolor iure non odit dicta. Quasi laborum ut temporibus consectetur. Minus velit in eum quae quia.',1,0,'2005-05-27 06:29:03','2021-09-09 19:39:51'),(97,50,11,'Perferendis est molestiae non. Voluptas voluptatem inventore facilis id porro consequatur sit. Dolores laboriosam omnis sed omnis. Ut ducimus est voluptatem reiciendis eum.',1,0,'1988-11-12 22:59:32','2021-09-09 19:39:51'),(98,5,89,'Itaque facere sunt et minima quo et et. Dolores sequi aperiam consequatur quo officiis. Quia ut neque nostrum suscipit sed. Quas assumenda praesentium exercitationem accusamus. Ipsam et eum pariatur saepe non.',0,0,'2010-09-14 07:23:01','2021-09-09 19:39:51'),(99,32,91,'Ea in et qui doloremque tempora possimus nisi. Esse odit in laborum et. In cupiditate ad sed reiciendis quia pariatur consectetur repellat. Quaerat eos blanditiis a quae dolorum.',0,1,'2016-06-03 05:52:07','2021-09-09 19:39:51'),(100,61,29,'Provident est aspernatur est error qui sed et. Vel voluptates ducimus et accusantium dolores voluptatem consequuntur. Veniam quo fugit ut unde dolor non non. Quis doloremque repellendus reprehenderit.',0,1,'2013-08-01 22:25:54','2021-09-09 19:39:51');
/*!40000 ALTER TABLE `messages` ENABLE KEYS */;
UNLOCK TABLES;

--
-- Table structure for table `post_media`
--

DROP TABLE IF EXISTS `post_media`;
/*!40101 SET @saved_cs_client     = @@character_set_client */;
/*!50503 SET character_set_client = utf8mb4 */;
CREATE TABLE `post_media` (
  `post_id` int unsigned NOT NULL COMMENT 'Ссылка на пост',
  `media_id` int unsigned NOT NULL COMMENT 'Ссылка на медиа',
  `created_at` datetime DEFAULT CURRENT_TIMESTAMP COMMENT 'Время создания строки',
  `updated_at` datetime DEFAULT CURRENT_TIMESTAMP ON UPDATE CURRENT_TIMESTAMP COMMENT 'Время обновления строки',
  PRIMARY KEY (`post_id`,`media_id`) COMMENT 'Составной первичный ключ',
  KEY `post_media_media_id` (`media_id`),
  CONSTRAINT `post_media_media_id` FOREIGN KEY (`media_id`) REFERENCES `media` (`id`),
  CONSTRAINT `post_media_post_id` FOREIGN KEY (`post_id`) REFERENCES `posts` (`id`)
) ENGINE=InnoDB DEFAULT CHARSET=utf8mb4 COLLATE=utf8mb4_0900_ai_ci COMMENT='Участники групп, связь между пользователями и группами';
/*!40101 SET character_set_client = @saved_cs_client */;

--
-- Dumping data for table `post_media`
--

LOCK TABLES `post_media` WRITE;
/*!40000 ALTER TABLE `post_media` DISABLE KEYS */;
/*!40000 ALTER TABLE `post_media` ENABLE KEYS */;
UNLOCK TABLES;

--
-- Table structure for table `posts`
--

DROP TABLE IF EXISTS `posts`;
/*!40101 SET @saved_cs_client     = @@character_set_client */;
/*!50503 SET character_set_client = utf8mb4 */;
CREATE TABLE `posts` (
  `id` int unsigned NOT NULL AUTO_INCREMENT,
  `user_id` int unsigned DEFAULT NULL,
  `community_id` int unsigned DEFAULT NULL,
  `head` varchar(255) DEFAULT NULL,
  `body` text NOT NULL,
  `is_public` tinyint(1) DEFAULT '1',
  `created_at` datetime DEFAULT CURRENT_TIMESTAMP,
  `updated_at` datetime DEFAULT CURRENT_TIMESTAMP ON UPDATE CURRENT_TIMESTAMP,
  PRIMARY KEY (`id`),
  KEY `posts_user_id` (`user_id`),
  KEY `posts_community_id` (`community_id`),
  CONSTRAINT `posts_community_id` FOREIGN KEY (`community_id`) REFERENCES `communities` (`id`),
  CONSTRAINT `posts_user_id` FOREIGN KEY (`user_id`) REFERENCES `users` (`id`)
) ENGINE=InnoDB AUTO_INCREMENT=12 DEFAULT CHARSET=utf8mb4 COLLATE=utf8mb4_0900_ai_ci;
/*!40101 SET character_set_client = @saved_cs_client */;

--
-- Dumping data for table `posts`
--

LOCK TABLES `posts` WRITE;
/*!40000 ALTER TABLE `posts` DISABLE KEYS */;
INSERT INTO `posts` VALUES (1,23,NULL,'8780817aa4','215f922a604a2d8238560ad302aa6f7f',1,'2021-09-16 21:46:23','2021-09-16 21:46:23'),(2,32,NULL,'cb6bf459dc','2eb3b356b7cdad8ba2f13158b6e582cf',1,'2021-09-16 21:46:29','2021-09-16 21:46:29'),(3,NULL,28,'eb5afcf753','9981fd41e8fbeec4a7a1715f6746bae0',1,'2021-09-16 21:46:30','2021-09-16 21:48:15'),(4,40,NULL,'6b476dea3f','026d370f79a9599694e5d7802ccdf428',1,'2021-09-16 21:46:31','2021-09-16 21:46:31'),(5,12,NULL,'1f7038c972','7cea55bc216c8dff583b7a0c3be66312',1,'2021-09-16 21:46:33','2021-09-16 21:46:33'),(6,NULL,32,'8591ccf5d2','45b1ebbfc8e05aa972f8b56c6b4d5de3',1,'2021-09-16 21:46:34','2021-09-16 21:48:15'),(7,NULL,76,'e8fa2eccaa','9245b8756bb7a00bb44a8e927d67e7ba',1,'2021-09-16 21:46:37','2021-09-16 21:48:15'),(8,NULL,86,'02765fe9d0','41d8e68f6264fdddb2cfcf6d34d536b5',1,'2021-09-16 21:46:38','2021-09-16 21:48:15'),(9,72,NULL,'b9faac6e98','bd227b5f89407761fbd755cb501e47f2',1,'2021-09-16 21:47:06','2021-09-16 21:47:06'),(10,NULL,4,'c3b4b3387f','8c2bcfdd1d89a44bb63dafede8e24518',1,'2021-09-16 21:47:07','2021-09-16 21:48:15'),(11,NULL,58,'13e1316070','97027e93660348d4f972128e0a4abf21',1,'2021-09-16 21:47:08','2021-09-16 21:48:15');
/*!40000 ALTER TABLE `posts` ENABLE KEYS */;
UNLOCK TABLES;

--
-- Table structure for table `profiles`
--

DROP TABLE IF EXISTS `profiles`;
/*!40101 SET @saved_cs_client     = @@character_set_client */;
/*!50503 SET character_set_client = utf8mb4 */;
CREATE TABLE `profiles` (
  `user_id` int unsigned NOT NULL COMMENT 'Идентификатор строки',
  `city` varchar(100) DEFAULT NULL COMMENT 'Город проживания',
  `country` varchar(100) DEFAULT NULL COMMENT 'Старана проживания',
  `status` enum('Online','Offline','Inactive') NOT NULL,
  `created_at` datetime DEFAULT CURRENT_TIMESTAMP COMMENT 'Дата и время создания строки',
  `updated_at` datetime DEFAULT CURRENT_TIMESTAMP COMMENT 'Дата и время обновленния строки',
  PRIMARY KEY (`user_id`),
  CONSTRAINT `profiles_user_id` FOREIGN KEY (`user_id`) REFERENCES `users` (`id`)
) ENGINE=InnoDB DEFAULT CHARSET=utf8mb4 COLLATE=utf8mb4_0900_ai_ci COMMENT='Таблица профилей';
/*!40101 SET character_set_client = @saved_cs_client */;

--
-- Dumping data for table `profiles`
--

LOCK TABLES `profiles` WRITE;
/*!40000 ALTER TABLE `profiles` DISABLE KEYS */;
INSERT INTO `profiles` VALUES (1,'Mooreburgh','4797921','Offline','2019-05-01 22:07:53','1975-04-24 01:02:29'),(2,'Lake Kellie','122955779','Inactive','2007-04-03 18:47:36','1977-01-29 00:10:06'),(3,'Starkborough','2','Online','2007-09-26 20:28:27','1994-07-25 06:36:16'),(4,'Port Allen','','Inactive','2000-06-13 00:07:18','2006-06-10 08:58:22'),(5,'New Timothystad','4','Offline','2018-05-23 13:00:07','2007-10-03 01:05:12'),(6,'Rickfurt','63958005','Inactive','1993-12-27 12:10:08','1992-01-30 00:04:16'),(7,'Lake Barrett','','Inactive','2004-03-03 13:11:22','2002-10-02 21:30:07'),(8,'New Vivienne','77344176','Online','1984-12-23 18:54:01','1985-09-09 04:26:16'),(9,'East Danteborough','60','Online','1984-10-31 01:50:52','1980-03-07 16:48:16'),(10,'Hoseaberg','562303','Inactive','1978-05-26 08:07:29','1982-07-15 10:46:36'),(11,'Zacheryport','38401','Inactive','1985-04-30 20:41:51','1998-09-22 07:35:00'),(12,'Ilianaton','194804314','Online','1971-08-29 18:50:42','2003-10-30 07:46:40'),(13,'Kesslerhaven','','Inactive','2014-04-08 14:19:14','2000-01-23 16:59:51'),(14,'Port Siennaport','2632','Online','1994-05-08 11:11:17','1987-05-13 17:06:56'),(15,'Inesfort','31704651','Online','1977-11-13 04:32:06','1972-02-27 17:13:20'),(16,'Johnstonville','810','Inactive','1992-04-18 16:14:57','2019-08-24 20:02:12'),(17,'Mayerbury','898','Online','1979-01-11 05:34:07','1992-09-07 18:26:14'),(18,'North Selenaville','4','Offline','1976-10-17 05:53:42','1980-07-13 01:27:54'),(19,'Ravenview','8937807','Inactive','1979-11-12 12:29:42','2020-03-08 08:22:15'),(20,'East Hobart','47','Inactive','2019-06-23 12:17:11','1987-11-16 22:54:44'),(21,'Nienowtown','369','Inactive','2019-09-17 13:10:28','2010-02-26 08:13:44'),(22,'East Adella','866987737','Offline','2001-06-02 14:10:48','1996-08-14 06:06:00'),(23,'South Jaclynmouth','3680639','Online','1995-03-16 19:35:55','1987-10-12 04:36:13'),(24,'Nicolasfort','524970476','Inactive','2000-09-16 04:16:16','1993-05-09 18:21:00'),(25,'North Neha','1435415','Online','1988-07-19 13:07:06','1983-02-12 01:17:22'),(26,'New Jakobland','598674336','Offline','2018-04-24 22:53:03','1988-09-03 02:26:46'),(27,'Gleichnerfort','7','Online','1985-06-24 01:57:11','1991-05-13 01:38:34'),(28,'New Dorian','2751','Offline','1997-04-11 02:26:16','1977-06-09 18:19:36'),(29,'North Jordan','128280847','Inactive','1986-10-18 00:27:19','2014-12-09 09:01:08'),(30,'New Lindashire','62','Inactive','1998-11-07 22:02:49','2008-10-21 23:09:58'),(31,'Sincereport','209','Online','2015-06-08 19:38:57','1983-01-31 15:19:21'),(32,'Rippinhaven','','Online','2006-11-27 23:44:54','2017-01-26 17:01:02'),(33,'East Emilioshire','91452','Inactive','1978-01-26 11:16:14','1994-10-11 18:58:14'),(34,'Nicklausview','','Inactive','2008-12-22 20:52:55','1994-07-18 19:44:06'),(35,'Gloverchester','','Online','2005-11-27 01:12:28','2016-07-18 11:32:33'),(36,'South Karamouth','938011','Offline','2012-11-10 04:28:36','1980-08-22 14:45:56'),(37,'Amberhaven','9563','Online','2013-05-29 14:25:51','1981-08-29 15:15:26'),(38,'Cassinhaven','521605657','Offline','2008-08-28 20:10:52','1982-06-23 22:11:26'),(39,'South Ahmadfurt','964896','Inactive','1996-06-06 00:40:57','2000-02-06 15:39:42'),(40,'Susanmouth','376491127','Offline','1991-10-23 20:40:04','1993-11-07 14:55:51'),(41,'Port Johannaborough','4','Offline','2007-01-25 14:39:02','2020-05-22 23:37:41'),(42,'Nienowbury','','Offline','2004-12-01 08:09:58','1995-12-09 12:36:36'),(43,'Port Daija','96166','Online','1971-05-17 08:42:36','2019-04-21 04:02:53'),(44,'North Marianna','120','Online','2021-03-26 12:41:14','1970-06-22 01:37:16'),(45,'New Frankburgh','591241','Offline','1998-06-19 00:26:39','2017-12-28 22:08:19'),(46,'Freidaview','398514088','Offline','1989-12-19 03:58:09','1985-05-26 11:46:06'),(47,'Lefflerfurt','40','Online','2010-09-28 01:30:00','2017-02-14 03:55:14'),(48,'Kihnburgh','5489','Online','1972-02-10 14:06:39','2005-01-09 21:34:17'),(49,'North Chynahaven','21851','Inactive','1976-12-01 04:18:48','2019-10-23 11:07:55'),(50,'North Delphine','426','Online','1972-10-15 03:36:56','2018-02-07 06:55:21'),(51,'North Gilesside','752198362','Online','2020-09-19 02:44:13','1989-12-22 02:53:13'),(52,'Schummville','8833','Online','2007-05-31 16:30:52','1998-03-17 11:53:45'),(53,'Lake Adolf','85','Inactive','1970-08-27 19:18:50','2019-01-16 20:15:04'),(54,'Glenberg','25','Online','2008-05-18 17:03:16','2015-07-30 20:56:48'),(55,'Antwonville','32574623','Offline','1982-01-04 10:52:23','2006-03-08 19:10:35'),(56,'West Cathrineton','480821','Inactive','1985-03-08 15:35:18','1979-09-18 03:17:17'),(57,'Glendaport','75058','Inactive','1998-06-28 20:48:39','2014-06-21 21:56:24'),(58,'Kristianshire','61420098','Offline','1991-09-16 00:22:28','2019-12-14 08:19:07'),(59,'West Aida','17766','Online','2007-10-10 18:28:45','1986-01-29 11:51:32'),(60,'Sterlingview','938633','Inactive','1971-10-09 12:42:26','2012-08-02 01:03:36'),(61,'West Cortneystad','92','Offline','2000-06-29 08:25:50','1983-07-13 23:46:11'),(62,'South King','17386','Online','2012-06-21 20:39:12','1992-06-02 06:02:34'),(63,'South Tiffanybury','56613557','Offline','2000-05-08 05:43:00','1977-04-07 17:42:36'),(64,'Hicklefurt','108929','Inactive','2009-11-09 21:16:37','2012-01-13 15:19:12'),(65,'Stromanchester','48','Inactive','1997-09-24 23:04:42','2016-12-27 06:33:51'),(66,'Bergnaumborough','758792','Inactive','2004-08-16 16:13:32','1987-01-24 17:27:11'),(67,'Port Bonitabury','7','Offline','1979-02-11 09:12:43','1979-07-18 09:45:49'),(68,'Roobbury','460907023','Online','2001-08-12 06:49:10','1970-04-02 15:15:00'),(69,'Vivianneland','820','Online','1981-12-11 17:33:13','2001-09-26 20:21:26'),(70,'South Helgafort','223748666','Offline','1998-07-08 08:23:18','1992-07-16 09:01:15'),(71,'East Jillianport','','Online','1986-09-28 19:02:47','1985-06-25 07:57:50'),(72,'Aurelieton','72177','Online','1989-03-19 05:44:01','2014-11-11 13:43:39'),(73,'Townefurt','7','Online','1992-02-10 13:51:04','2017-12-25 16:07:36'),(74,'Lake Fayeburgh','2856769','Offline','2020-08-31 03:57:00','1970-10-02 17:06:17'),(75,'Ezraberg','23155903','Offline','2018-08-03 19:35:41','2010-04-10 16:43:40'),(76,'Lake Cristian','15887332','Inactive','1991-07-16 20:55:30','1976-08-03 12:59:02'),(77,'Ezrachester','2490','Online','1991-04-21 12:48:00','1977-09-05 08:43:38'),(78,'Tonyborough','68','Offline','2000-04-27 07:18:21','1982-07-30 03:35:09'),(79,'Kittyton','54362108','Offline','2002-05-17 08:42:54','2021-08-10 15:58:13'),(80,'West Virginie','','Inactive','1976-05-26 08:15:19','1975-07-21 18:05:21'),(81,'Lueilwitzmouth','375850335','Offline','2005-10-19 05:11:39','1982-04-07 17:45:43'),(82,'Ceceliaside','8628','Inactive','2006-03-07 17:19:18','1979-08-16 15:37:56'),(83,'Port Ramonborough','2922','Online','1979-06-09 23:50:49','2007-03-09 13:53:25'),(84,'Goyetteton','5290','Online','2017-03-07 10:33:58','1984-02-23 01:38:14'),(85,'New Coltenville','','Offline','1984-07-30 13:48:59','2012-01-27 14:26:18'),(86,'Port Ivamouth','35104373','Inactive','1990-05-30 22:01:51','2018-05-15 11:56:41'),(87,'Funkport','9','Inactive','1976-12-16 04:51:57','2015-01-02 15:25:28'),(88,'Joanatown','3688323','Online','2003-07-07 14:09:37','1982-08-03 05:43:53'),(89,'Amandabury','51100298','Inactive','2012-01-13 20:44:18','2015-07-08 04:40:54'),(90,'Lake Dwightmouth','964618734','Online','1978-03-17 13:40:10','2000-07-21 16:33:24'),(91,'Harrisview','336812','Online','1991-04-27 16:45:01','1973-05-16 19:32:49'),(92,'Wymantown','8247','Inactive','1983-07-24 17:40:37','1993-06-24 15:43:05'),(93,'Lake Burdettestad','163063982','Inactive','1992-03-20 00:12:20','2007-12-12 13:02:08'),(94,'Handshire','19','Inactive','2016-10-12 00:16:31','1999-12-22 23:02:03'),(95,'East Joanyview','608','Inactive','2012-03-30 06:19:52','1972-03-01 21:35:00'),(96,'Coltonside','3','Offline','2003-05-24 12:49:45','1972-01-12 03:21:40'),(97,'East Lucyside','75','Inactive','2000-10-14 09:39:02','2017-07-11 13:10:08'),(98,'Lake Moriah','1','Online','1991-04-20 05:50:43','2013-03-08 13:25:20'),(99,'Schoenchester','350628','Online','2009-06-24 14:33:37','1994-06-02 19:35:18'),(100,'Nitzschestad','2','Inactive','1995-06-23 00:50:02','1979-06-21 13:08:10');
/*!40000 ALTER TABLE `profiles` ENABLE KEYS */;
UNLOCK TABLES;

--
-- Table structure for table `target_types`
--

DROP TABLE IF EXISTS `target_types`;
/*!40101 SET @saved_cs_client     = @@character_set_client */;
/*!50503 SET character_set_client = utf8mb4 */;
CREATE TABLE `target_types` (
  `id` int unsigned NOT NULL AUTO_INCREMENT,
  `name` varchar(255) NOT NULL,
  `created_at` datetime DEFAULT CURRENT_TIMESTAMP,
  PRIMARY KEY (`id`),
  UNIQUE KEY `name` (`name`)
) ENGINE=InnoDB AUTO_INCREMENT=4 DEFAULT CHARSET=utf8mb4 COLLATE=utf8mb4_0900_ai_ci;
/*!40101 SET character_set_client = @saved_cs_client */;

--
-- Dumping data for table `target_types`
--

LOCK TABLES `target_types` WRITE;
/*!40000 ALTER TABLE `target_types` DISABLE KEYS */;
INSERT INTO `target_types` VALUES (1,'media','2021-09-20 23:13:36'),(2,'post','2021-09-20 23:13:36'),(3,'user','2021-09-20 23:13:36');
/*!40000 ALTER TABLE `target_types` ENABLE KEYS */;
UNLOCK TABLES;

--
-- Table structure for table `users`
--

DROP TABLE IF EXISTS `users`;
/*!40101 SET @saved_cs_client     = @@character_set_client */;
/*!50503 SET character_set_client = utf8mb4 */;
CREATE TABLE `users` (
  `id` int unsigned NOT NULL AUTO_INCREMENT COMMENT 'Идентификатор строки',
  `first_name` varchar(100) NOT NULL COMMENT 'Имя пользователя',
  `last_name` varchar(100) NOT NULL COMMENT 'Фамилия пользователя',
  `birthday` date NOT NULL COMMENT 'Дата рождения',
  `gender` enum('M','F') NOT NULL COMMENT 'Пол',
  `email` varchar(100) NOT NULL COMMENT 'Email пользователя',
  `phone` varchar(12) NOT NULL COMMENT 'Номер телефона пользователя',
  `created_at` datetime DEFAULT CURRENT_TIMESTAMP,
  `updated_at` datetime DEFAULT CURRENT_TIMESTAMP,
  PRIMARY KEY (`id`),
  UNIQUE KEY `email` (`email`),
  UNIQUE KEY `phone` (`phone`),
  UNIQUE KEY `phone_2` (`phone`)
) ENGINE=InnoDB AUTO_INCREMENT=101 DEFAULT CHARSET=utf8mb4 COLLATE=utf8mb4_0900_ai_ci COMMENT='Таблица пользователей';
/*!40101 SET character_set_client = @saved_cs_client */;

--
-- Dumping data for table `users`
--

LOCK TABLES `users` WRITE;
/*!40000 ALTER TABLE `users` DISABLE KEYS */;
INSERT INTO `users` VALUES (1,'Jody','Schneider','1996-09-18','M','ywuckert@example.org','+79265905451','1972-09-18 12:47:27','1996-08-10 12:59:14'),(2,'Heber','Walker','2006-02-28','F','dakota50@example.org','+79486878960','2021-04-24 22:17:53','1995-02-21 06:34:51'),(3,'Kirstin','Ryan','1978-02-27','M','pruecker@example.net','+79636678477','1999-11-12 14:59:55','1977-09-06 04:05:30'),(4,'Waldo','Romaguera','2006-03-19','F','von.cara@example.com','+79722755539','1989-05-14 17:49:37','2012-11-11 13:42:44'),(5,'Eulah','Huels','1986-05-04','F','effertz.daniela@example.net','+79703742294','1975-05-31 05:10:26','1983-04-04 02:06:34'),(6,'Mohammed','Schimmel','1976-09-16','F','jerrell.hahn@example.com','+79350444886','2009-09-21 07:56:59','1998-08-11 12:32:24'),(7,'Addison','Littel','1986-03-16','F','rhianna.lakin@example.net','+79640997580','1984-05-27 12:17:32','1999-02-14 19:07:51'),(8,'Cooper','Weimann','1995-03-03','M','zemlak.wilmer@example.com','+79153653273','1983-02-03 10:10:29','2011-06-04 04:19:58'),(9,'Nadia','Klein','1996-04-13','M','swaniawski.lucious@example.net','+79845273654','1976-03-29 18:40:36','2002-12-01 20:24:53'),(10,'Kailyn','Hauck','1972-07-20','M','ptremblay@example.com','+79765408487','2004-09-02 02:30:23','1982-11-15 18:02:30'),(11,'Guiseppe','McClure','2018-06-26','M','pbruen@example.net','+79291221506','1971-11-23 11:14:00','1971-07-11 15:49:10'),(12,'Julio','Homenick','1994-08-03','M','rocky96@example.com','+79159882100','1995-08-01 19:14:49','2001-05-22 23:08:36'),(13,'Aliyah','Dibbert','2019-05-26','F','rita86@example.org','+79925746010','1992-09-30 21:21:10','1975-03-18 03:16:42'),(14,'Kristopher','Welch','2015-12-20','M','paul49@example.com','+79149083786','1995-10-03 22:50:43','1992-12-18 23:41:53'),(15,'Odie','Jacobi','1986-06-27','F','weldon43@example.com','+79968180929','1996-07-06 11:35:36','2010-09-24 01:58:37'),(16,'Oran','Nikolaus','1977-07-24','M','roslyn.goyette@example.org','+79393653321','1983-07-21 00:31:17','1995-08-23 04:37:41'),(17,'Caden','McGlynn','2007-09-01','M','runolfsson.joshua@example.org','+79063723847','2019-01-01 06:26:33','2000-06-08 07:41:57'),(18,'Payton','Zemlak','2016-06-22','M','jules.marquardt@example.org','+79137659302','1972-06-17 12:29:51','1996-09-19 11:33:34'),(19,'Alvera','Kling','2019-09-13','F','price.jakayla@example.com','+79497125003','1992-02-05 08:08:49','2002-10-02 20:01:59'),(20,'Doris','Homenick','1979-08-17','M','selmer11@example.org','+79072647141','1978-05-09 01:43:29','1989-12-01 21:53:34'),(21,'Rogelio','Kulas','1971-08-23','F','showe@example.com','+79871860724','1987-08-01 06:02:05','1999-08-09 06:28:14'),(22,'Sasha','Fisher','1998-04-14','M','joshuah.zemlak@example.com','+79141362234','1990-02-04 10:56:48','1978-09-30 07:16:16'),(23,'Jarred','Kovacek','1978-02-02','F','esatterfield@example.com','+79091229028','2005-08-03 02:21:28','2000-07-09 03:47:52'),(24,'Grover','Mertz','1981-03-12','M','dandre.abernathy@example.org','+79032058470','1976-11-27 02:36:07','1984-05-09 15:38:37'),(25,'Zachery','Hintz','2007-03-03','M','kovacek.deontae@example.net','+79886605297','2009-05-03 08:50:26','1972-09-30 22:21:06'),(26,'Cristina','Ankunding','2019-08-07','F','hellen.nader@example.net','+79336851107','2003-04-05 05:32:20','1996-08-02 12:42:34'),(27,'Bridie','Pollich','2007-01-31','F','lbruen@example.net','+79024439677','1985-09-04 19:36:06','1970-05-01 01:03:57'),(28,'Hank','Ebert','1978-05-01','M','schaden.deangelo@example.org','+79111645094','1999-06-16 14:50:48','1998-10-11 05:06:40'),(29,'Lacy','Emmerich','1991-06-06','F','elyse.bashirian@example.org','+79484906468','2010-10-29 09:07:06','1985-08-08 03:45:50'),(30,'Carley','Cartwright','2002-06-12','F','zoila.farrell@example.net','+79089597092','1997-10-20 02:32:54','2005-09-10 13:02:22'),(31,'Giovanny','Marks','1978-07-12','M','ivy80@example.org','+79993266087','2014-10-01 02:12:35','1970-11-15 02:02:46'),(32,'Celestino','Nolan','1985-11-17','M','kailyn.hartmann@example.org','+79697539195','2012-05-16 05:29:33','2011-03-22 14:52:26'),(33,'Chris','Kshlerin','2008-08-12','F','o\'hara.tremaine@example.org','+79507897743','2017-06-12 05:55:07','1984-07-19 09:29:43'),(34,'Maryse','Stracke','1978-11-16','M','jairo43@example.net','+79446871164','2011-05-10 06:25:55','1991-08-08 17:47:26'),(35,'Gladyce','Turcotte','2001-03-10','F','hlabadie@example.net','+79710662620','2006-12-24 08:17:43','2008-03-13 12:59:20'),(36,'Teagan','Bergnaum','1986-05-04','M','larry.rau@example.com','+79212699640','2012-02-28 17:36:39','2000-07-15 21:34:49'),(37,'Westley','Doyle','2015-03-07','F','savanna40@example.org','+79931510371','1976-09-04 07:15:52','1987-11-30 18:39:54'),(38,'Eli','Torp','1992-09-11','F','arlene45@example.org','+79019452968','1970-03-12 08:38:38','1978-12-29 19:04:13'),(39,'Kip','Gulgowski','2003-12-20','M','einar.barton@example.org','+79302733757','1994-10-17 10:15:01','1982-07-06 06:39:56'),(40,'Geovanni','Volkman','1977-08-24','F','ccremin@example.com','+79455309913','2017-10-10 22:02:20','2017-02-17 20:31:35'),(41,'Fernando','Toy','1988-12-06','M','hfeest@example.com','+79368348326','2018-08-08 19:51:51','2017-02-19 22:48:06'),(42,'Judge','Wyman','2010-04-25','F','xzavier.schultz@example.org','+79475811922','2000-10-01 23:14:17','1999-01-11 05:49:03'),(43,'Tate','Boehm','1977-09-27','F','jacynthe07@example.net','+79274014666','2000-03-23 07:34:52','1971-05-26 05:54:36'),(44,'Maximillia','Sauer','1975-10-11','M','oschamberger@example.com','+79942637594','2014-08-09 05:11:20','1996-03-23 10:08:13'),(45,'Enola','Wehner','1990-11-18','F','domingo89@example.net','+79891144005','2018-04-27 22:57:46','1994-05-31 03:32:23'),(46,'Ali','Kuhlman','1979-02-21','M','ilene56@example.com','+79627807276','1982-05-18 19:40:11','1985-01-31 21:26:01'),(47,'Jon','Dibbert','2019-03-26','M','uzemlak@example.net','+79465604395','1992-10-09 06:33:38','2014-03-03 12:09:17'),(48,'Lyda','Kuphal','1973-06-22','M','considine.kenyon@example.org','+79444600179','1985-06-13 14:06:26','1987-07-28 19:09:06'),(49,'Imelda','Langworth','2017-02-15','M','qreinger@example.com','+79826187742','1975-10-24 09:38:32','1993-09-29 13:01:45'),(50,'Delta','Hilpert','2005-10-14','F','lindgren.dean@example.net','+79797138207','1982-05-13 05:59:45','1983-11-14 19:34:22'),(51,'Jimmie','Emard','1986-05-14','F','baumbach.octavia@example.org','+79507127840','2007-07-20 08:04:42','2020-05-28 12:26:32'),(52,'Marielle','Schmidt','1986-01-04','M','rau.jennyfer@example.com','+79144224612','2020-05-17 06:32:18','1981-12-24 10:34:32'),(53,'Idella','Ebert','2018-12-29','M','thea.feil@example.net','+79199739571','1984-10-06 04:35:26','1990-07-07 15:54:12'),(54,'Merl','Boyer','2009-03-08','F','colt.bergnaum@example.org','+79566024050','1986-05-15 11:57:11','2013-01-20 21:34:24'),(55,'Chance','Schneider','2012-04-18','M','javon.treutel@example.com','+79230901568','1973-06-21 05:00:47','1982-10-04 18:56:56'),(56,'Willy','Abbott','1993-06-12','F','erling.mayert@example.org','+79456435720','1995-04-24 22:16:43','1975-02-23 08:11:45'),(57,'Adolf','Kirlin','2006-03-05','F','edd10@example.org','+79589473929','1974-11-01 06:33:43','1980-07-30 17:24:02'),(58,'Kristofer','King','2009-10-22','F','xebert@example.org','+79578062516','2004-08-21 04:06:10','1992-11-05 07:34:08'),(59,'Alejandrin','Pouros','2011-01-13','M','ukerluke@example.com','+79121890827','2002-01-29 03:25:23','2007-01-09 23:16:05'),(60,'Gordon','Senger','2005-02-19','M','wreinger@example.com','+79875266614','1996-11-04 04:05:00','2007-12-20 02:14:08'),(61,'Kenneth','Barrows','1974-11-24','M','hammes.pierce@example.com','+79010660625','2005-12-14 19:41:35','1977-11-28 10:56:44'),(62,'Krystal','Cassin','1971-03-19','F','brett24@example.org','+79427503310','1982-01-16 09:40:28','1994-06-10 23:52:46'),(63,'Kylee','Heidenreich','1999-11-07','M','wmarvin@example.com','+79105534708','1977-05-03 14:17:37','1971-02-20 02:29:24'),(64,'Barney','Shanahan','1972-11-11','M','hal20@example.com','+79245163639','2015-02-09 19:09:32','2018-12-27 04:36:23'),(65,'Shayna','Labadie','1993-01-30','M','horace14@example.com','+79909214106','2010-07-01 01:31:46','2021-07-16 17:04:38'),(66,'Sadye','Greenholt','2002-05-06','F','genesis.runolfsson@example.org','+79810579645','1982-10-27 01:02:23','1999-12-04 16:20:03'),(67,'Odell','Crooks','1988-07-26','M','predovic.madalyn@example.org','+79325255939','1983-09-03 01:54:21','2003-10-18 21:51:02'),(68,'Candice','Rath','2013-10-02','F','walter.devyn@example.com','+79194540792','2020-10-21 04:53:05','2014-02-27 01:03:30'),(69,'Dario','Durgan','1980-11-04','M','hansen.jannie@example.com','+79996936171','2005-09-23 03:31:55','1983-04-09 03:39:13'),(70,'Ofelia','Simonis','2014-10-15','M','layne10@example.org','+79401058514','1979-11-08 13:57:57','1998-09-27 08:23:32'),(71,'Veda','Kreiger','2004-11-24','M','xd\'amore@example.com','+79014484088','2005-08-23 04:50:09','1997-02-14 13:10:58'),(72,'Emely','Rosenbaum','1983-01-14','F','aletha88@example.org','+79869244929','2007-03-07 00:44:28','2001-10-02 10:48:14'),(73,'Kaitlin','Barton','2014-09-18','M','wgreenfelder@example.net','+79302772414','2011-01-22 17:25:43','1980-02-05 09:51:31'),(74,'Dane','Ward','1981-02-14','F','mckenna73@example.com','+79906127314','2001-10-08 19:21:09','1987-03-13 03:59:12'),(75,'Burley','Wisozk','2016-07-23','M','lakin.kelli@example.com','+79622319363','1980-06-04 17:24:14','2021-06-03 18:55:02'),(76,'Malika','Sawayn','1985-06-13','M','flind@example.net','+79393214905','1998-06-09 17:23:34','2011-05-07 16:42:38'),(77,'Ephraim','Gulgowski','1980-02-23','F','wilford.feil@example.org','+79099116466','1977-10-15 05:57:11','2005-09-11 00:50:33'),(78,'Charles','Legros','2008-09-30','F','lubowitz.payton@example.com','+79315937647','1970-10-11 09:34:25','1997-11-20 17:20:47'),(79,'Marguerite','Torp','1985-02-21','F','gislason.kathryn@example.org','+79282338868','1998-04-25 11:04:16','2007-11-17 07:12:32'),(80,'Itzel','Pagac','2012-01-30','F','nader.alphonso@example.org','+79463881432','1984-06-12 03:26:39','2007-01-16 17:36:15'),(81,'Chad','Kirlin','2006-01-15','M','schultz.kendall@example.org','+79472390585','1991-01-14 03:54:22','1994-06-03 16:22:29'),(82,'Karlie','Kuvalis','1970-06-08','F','savannah.jacobs@example.com','+79970308662','2001-11-13 13:33:10','2008-12-07 01:58:40'),(83,'Corine','Powlowski','2010-04-08','F','ritchie.edgardo@example.org','+79434371588','2010-08-17 00:45:36','2021-02-09 06:10:58'),(84,'Dandre','Watsica','1974-09-03','M','kuphal.shea@example.net','+79260931986','2001-10-28 23:40:10','1992-11-01 00:30:05'),(85,'Janis','Becker','1987-01-28','M','florine47@example.org','+79001545196','1982-11-24 11:26:23','2004-08-04 12:14:09'),(86,'Marlin','Dickinson','2019-11-21','F','ollie.gleason@example.net','+79224930052','1999-06-19 23:18:15','2000-03-03 03:07:48'),(87,'Demetrius','Kohler','2014-12-29','M','hannah.marquardt@example.com','+79120014705','1981-07-22 01:12:55','1978-04-15 12:30:54'),(88,'Thurman','Weimann','2002-03-08','M','julien.daugherty@example.com','+79925283400','1988-02-17 08:30:58','1993-09-28 17:35:21'),(89,'Lamar','Rice','1998-09-14','F','hlangworth@example.org','+79266372919','1992-01-17 16:05:34','1999-06-04 10:32:17'),(90,'Lew','Waters','1990-03-18','F','eprohaska@example.com','+79556014423','1978-08-01 01:13:33','2020-10-12 08:43:02'),(91,'Everette','Rice','1994-03-30','F','elena.tillman@example.org','+79980953390','1985-08-30 13:50:58','1995-06-26 03:18:36'),(92,'Reymundo','Casper','2020-09-22','M','douglas05@example.com','+79236723717','2002-11-30 15:06:33','1978-11-07 01:13:57'),(93,'Erwin','Hilll','1997-07-08','F','viva23@example.com','+79240758443','2015-10-11 07:06:36','1977-01-15 17:30:10'),(94,'Orrin','Kessler','1972-11-02','F','syble.effertz@example.net','+79493621095','1996-02-04 02:21:31','1984-08-14 21:30:32'),(95,'Raphael','Vandervort','2012-05-05','F','mertz.estevan@example.com','+79745830177','1982-06-24 14:28:04','1992-10-23 20:44:20'),(96,'Noble','Mosciski','1990-10-15','F','wava.morissette@example.net','+79248287633','1998-01-09 07:00:31','2010-05-21 00:08:19'),(97,'Americo','Braun','2015-05-04','F','abbie37@example.net','+79003947667','2015-11-14 11:27:38','1994-02-24 00:42:38'),(98,'Anabelle','O\'Hara','2017-04-23','F','mreynolds@example.net','+79274875466','2019-05-06 09:39:31','2000-04-19 04:49:17'),(99,'Dejon','Bernier','1999-06-05','F','willms.adella@example.com','+79362534361','1981-04-10 00:29:57','1984-01-28 21:57:24'),(100,'Blake','McGlynn','1977-12-16','F','zlang@example.com','+79988045439','1980-06-26 03:48:22','1985-01-21 23:05:54');
/*!40000 ALTER TABLE `users` ENABLE KEYS */;
UNLOCK TABLES;
/*!40103 SET TIME_ZONE=@OLD_TIME_ZONE */;

/*!40101 SET SQL_MODE=@OLD_SQL_MODE */;
/*!40014 SET FOREIGN_KEY_CHECKS=@OLD_FOREIGN_KEY_CHECKS */;
/*!40014 SET UNIQUE_CHECKS=@OLD_UNIQUE_CHECKS */;
/*!40101 SET CHARACTER_SET_CLIENT=@OLD_CHARACTER_SET_CLIENT */;
/*!40101 SET CHARACTER_SET_RESULTS=@OLD_CHARACTER_SET_RESULTS */;
/*!40101 SET COLLATION_CONNECTION=@OLD_COLLATION_CONNECTION */;
/*!40111 SET SQL_NOTES=@OLD_SQL_NOTES */;

-- Dump completed on 2021-09-21 17:04:19
